epoch,loss_fake,loss_real,discriminator_loss,wasserstein_D,g_loss
0,-0.7588666677474976,2.4797861576080322,-2.5543434619903564,3.238654613494873,1.7637288570404053
1,1.1188268661499023,7.834594249725342,-5.417811870574951,6.715766906738281,0.6254193186759949
2,3.3869056701660156,4.966675758361816,-0.9812057018280029,1.5797715187072754,-2.8524837493896484
3,0.9921624064445496,2.2529282569885254,-0.7959742546081543,1.2607688903808594,-0.436023473739624
4,-1.3343243598937988,0.1896183043718338,-1.0481048822402954,1.5239415168762207,2.518627643585205
5,-4.38934850692749,-2.7534561157226562,-1.1461400985717773,1.635890007019043,5.8178534507751465
6,-6.31360387802124,-4.766257286071777,-1.0353962182998657,1.5473427772521973,7.757943153381348
7,-6.8077826499938965,-6.109190464019775,0.48863157629966736,0.6985977292060852,7.833788871765137
8,1.785510540008545,2.2648837566375732,0.6350173354148865,0.4793747067451477,-1.1713793277740479
9,2.2616169452667236,3.2479052543640137,-0.45859888195991516,0.9862896800041199,-1.4236475229263306
10,2.4451167583465576,3.5299384593963623,-0.5918272733688354,1.084817886352539,-1.3867127895355225
11,3.595815420150757,4.7577338218688965,-0.6447411775588989,1.1619144678115845,-2.5034070014953613
12,7.285421848297119,8.290902137756348,-0.09945209324359894,1.0054799318313599,-6.604385852813721
13,6.525959491729736,7.544323444366455,-0.4559984505176544,1.018368124961853,-5.601059913635254
14,7.84122371673584,8.58102035522461,0.033147621899843216,0.739781379699707,-7.142892837524414
15,7.302844524383545,8.158376693725586,-0.3098590672016144,0.8555296063423157,-6.3707404136657715
16,8.034696578979492,8.982491493225098,-0.43138450384140015,0.9477794766426086,-7.046366214752197
17,8.946200370788574,9.836308479309082,-0.3845200836658478,0.8901054859161377,-7.91053581237793
18,12.800848960876465,13.704290390014648,-0.3894001841545105,0.9034526348114014,-11.972922325134277
19,17.86036491394043,18.346500396728516,1.1691900491714478,0.486141175031662,-17.636125564575195
20,14.323883056640625,14.905869483947754,0.058110833168029785,0.5820042490959167,-13.849103927612305
21,15.163895606994629,15.72664737701416,-0.059028010815382004,0.5627529621124268,-14.626155853271484
22,15.813102722167969,16.421838760375977,-0.15974341332912445,0.6087362170219421,-15.227484703063965
23,19.30526351928711,19.786394119262695,0.061971429735422134,0.4811391830444336,-19.010881423950195
24,16.63642692565918,16.77246856689453,3.205080270767212,0.13602443039417267,-17.612773895263672
25,3.661223888397217,3.936363935470581,0.9674841165542603,0.2751438617706299,-3.637645721435547
26,0.22670720517635345,0.6871275305747986,0.011133144609630108,0.4604206085205078,0.229107066988945
27,-0.6011360883712769,-0.09319149702787399,-0.07193833589553833,0.5079441070556641,1.1612063646316528
28,0.6550215482711792,1.1349189281463623,-0.028855713084340096,0.47989651560783386,-0.1280815452337265
29,4.542457103729248,5.05518102645874,-0.06741871684789658,0.5127223134040833,-4.011670112609863
30,7.742975234985352,8.250314712524414,-0.0721215084195137,0.5073421597480774,-7.227879524230957
31,11.234859466552734,11.570659637451172,0.2663721740245819,0.3357941806316376,-11.15775203704834
32,6.1162238121032715,6.252964973449707,2.5713775157928467,0.13673971593379974,-6.843637943267822
33,-8.513582229614258,-8.411993026733398,2.697421073913574,0.10159081220626831,7.766942024230957
34,-20.233810424804688,-20.073760986328125,0.6839345097541809,0.16005092859268188,20.089473724365234
35,-25.032588958740234,-24.746747970581055,0.2091132253408432,0.285841703414917,25.18524932861328
36,-25.767379760742188,-25.490840911865234,0.15316574275493622,0.2765513062477112,25.95639419555664
37,-26.58253288269043,-26.27455711364746,0.11902832984924316,0.3080175518989563,26.76430320739746
38,-27.36157989501953,-27.073789596557617,0.14798319339752197,0.2877834141254425,27.542987823486328
39,-28.64962387084961,-28.374549865722656,0.14228446781635284,0.27507278323173523,28.85848045349121
40,-30.420501708984375,-30.155494689941406,0.16549822688102722,0.26502472162246704,30.650047302246094
41,-31.994884490966797,-31.74569320678711,0.19128261506557465,0.24915923178195953,32.24287414550781
42,-29.88150978088379,-29.74709129333496,0.8966096639633179,0.13441728055477142,30.268390655517578
43,-19.4971866607666,-19.390268325805664,1.2394025325775146,0.1069207638502121,19.861963272094727
44,-15.512231826782227,-15.250296592712402,0.20364947617053986,0.26194003224372864,15.732133865356445
45,-16.081953048706055,-15.797908782958984,0.11505701392889023,0.28405097126960754,16.323427200317383
46,-16.276575088500977,-15.99361801147461,0.11532365530729294,0.2829573452472687,16.563255310058594
47,-16.6881160736084,-16.41403579711914,0.13652680814266205,0.27407100796699524,16.930498123168945
48,-16.763031005859375,-16.49431610107422,0.1353122591972351,0.26872533559799194,16.996383666992188
49,-17.6862735748291,-17.408382415771484,0.08578325062990189,0.27790358662605286,17.964038848876953
50,-19.365135192871094,-19.100139617919922,0.11686383932828903,0.2650146782398224,19.645397186279297
51,-21.366355895996094,-21.073448181152344,0.08414942026138306,0.29291555285453796,21.66014862060547
52,-22.680665969848633,-22.407068252563477,0.10720313340425491,0.27358996868133545,23.024173736572266
53,-22.88033103942871,-22.613340377807617,0.11940234899520874,0.26698222756385803,23.15880012512207
54,-22.781723022460938,-22.516132354736328,0.13320821523666382,0.2655960023403168,23.052204132080078
55,-22.211816787719727,-21.89081573486328,0.07124972343444824,0.320988267660141,22.511478424072266
56,-21.627906799316406,-21.33700942993164,0.11520448327064514,0.29089978337287903,21.93511199951172
57,-20.868501663208008,-20.570199966430664,0.0956011638045311,0.29832080006599426,21.16238021850586
58,-20.957101821899414,-20.64808464050293,0.09171897172927856,0.3090454339981079,21.245792388916016
59,-19.750690460205078,-19.49068260192871,0.1618855744600296,0.26004666090011597,19.988929748535156
60,-19.781110763549805,-19.510534286499023,0.16311118006706238,0.27058669924736023,19.981914520263672
61,-19.523326873779297,-19.234676361083984,0.1954096257686615,0.2886446416378021,19.77210807800293
62,-19.00699806213379,-18.767518997192383,0.2296774536371231,0.23946480453014374,19.113359451293945
63,-18.392732620239258,-18.17200469970703,0.2697313129901886,0.22072769701480865,18.482032775878906
64,-16.902603149414062,-16.64755630493164,0.19176802039146423,0.25505298376083374,17.060640335083008
65,-16.486494064331055,-16.26091957092285,0.2558895945549011,0.22557392716407776,16.633224487304688
66,-16.971664428710938,-16.777389526367188,0.3118284344673157,0.19427873194217682,17.090341567993164
67,-16.839746475219727,-16.63182258605957,0.26823994517326355,0.20794744789600372,16.999982833862305
68,-16.076385498046875,-15.866425514221191,0.2587433457374573,0.20996418595314026,16.171234130859375
69,-16.554929733276367,-16.342212677001953,0.25323987007141113,0.21271876990795135,16.725404739379883
70,-17.503259658813477,-17.292728424072266,0.2663116753101349,0.2105383276939392,17.631135940551758
71,-16.398775100708008,-16.20915412902832,0.27550527453422546,0.18960857391357422,16.464033126831055
72,-15.663941383361816,-15.47123908996582,0.2693573236465454,0.19267942011356354,15.812676429748535
73,-17.916152954101562,-17.7264404296875,0.23813886940479279,0.18970033526420593,18.06161880493164
74,-19.775550842285156,-19.604644775390625,0.3054873049259186,0.1709260195493698,19.950721740722656
75,-20.831192016601562,-20.639341354370117,0.2587742805480957,0.19187292456626892,20.98816680908203
76,-20.31084632873535,-20.12106704711914,0.21357375383377075,0.18978214263916016,20.429960250854492
77,-18.667850494384766,-18.46099090576172,0.17503495514392853,0.2068668156862259,18.784055709838867
78,-17.32803726196289,-17.132354736328125,0.2100609540939331,0.1956949234008789,17.458520889282227
79,-15.68367862701416,-15.47908878326416,0.16493690013885498,0.2046063244342804,15.865218162536621
80,-15.286831855773926,-15.072684288024902,0.14650385081768036,0.21413743495941162,15.457286834716797
81,-15.444520950317383,-15.231425285339355,0.15912069380283356,0.21308700740337372,15.606168746948242
82,-16.04189109802246,-15.83162784576416,0.13692988455295563,0.2102736532688141,16.204814910888672
83,-16.80308723449707,-16.59852409362793,0.14844921231269836,0.2045658677816391,17.038850784301758
84,-17.019420623779297,-16.807397842407227,0.17918840050697327,0.21201777458190918,17.19684600830078
85,-18.407703399658203,-18.199520111083984,0.20132207870483398,0.20818942785263062,18.59465980529785
86,-20.020071029663086,-19.82032585144043,0.1987743079662323,0.19971728324890137,20.114410400390625
87,-18.204912185668945,-18.008541107177734,0.18614435195922852,0.19637465476989746,18.318239212036133
88,-17.7774600982666,-17.58180046081543,0.22226865589618683,0.1956494152545929,17.91548728942871
89,-19.140573501586914,-18.95520782470703,0.21199113130569458,0.1853640079498291,19.261011123657227
90,-21.201385498046875,-21.02358055114746,0.21286411583423615,0.17780762910842896,21.35999870300293
91,-21.37373924255371,-21.18907356262207,0.17671939730644226,0.18466947972774506,21.455692291259766
92,-21.588932037353516,-21.42070960998535,0.23264852166175842,0.16820435225963593,21.689434051513672
93,-20.788421630859375,-20.62763214111328,0.24888665974140167,0.1607949137687683,20.86619758605957
94,-21.80396270751953,-21.665828704833984,0.29002267122268677,0.13814550638198853,21.93216323852539
95,-22.97310447692871,-22.853778839111328,0.3402503430843353,0.11932172626256943,23.03301429748535
96,-21.15074348449707,-21.045597076416016,0.36134302616119385,0.10513473302125931,21.181575775146484
97,-18.890865325927734,-18.76738166809082,0.29336017370224,0.12349826097488403,18.964618682861328
98,-19.384746551513672,-19.274776458740234,0.39212557673454285,0.10997892171144485,19.479198455810547
99,-16.353261947631836,-16.24709129333496,0.3631194531917572,0.10615979880094528,16.437475204467773
100,-14.17707633972168,-14.06811809539795,0.2882048785686493,0.10896558314561844,14.259092330932617
101,-12.739399909973145,-12.624579429626465,0.23620228469371796,0.11481788009405136,12.793106079101562
102,-11.56722640991211,-11.430268287658691,0.21354280412197113,0.13695389032363892,11.648520469665527
103,-11.842188835144043,-11.716254234313965,0.22436803579330444,0.125944584608078,11.92121410369873
104,-12.081586837768555,-11.948531150817871,0.22905537486076355,0.13304702937602997,12.156059265136719
105,-12.145533561706543,-12.004241943359375,0.19279173016548157,0.14129862189292908,12.269429206848145
106,-12.88599967956543,-12.742992401123047,0.19260422885417938,0.14302103221416473,12.974392890930176
107,-13.424534797668457,-13.279726028442383,0.19513234496116638,0.14481094479560852,13.518855094909668
108,-13.263850212097168,-13.124360084533691,0.17882882058620453,0.13950085639953613,13.331178665161133
109,-12.538784980773926,-12.403121948242188,0.2046087384223938,0.13565604388713837,12.648868560791016
110,-13.424494743347168,-13.279959678649902,0.20670725405216217,0.14454330503940582,13.497973442077637
111,-15.210687637329102,-15.076154708862305,0.22039794921875,0.13453862071037292,15.308995246887207
112,-16.4503231048584,-16.29256820678711,0.18957720696926117,0.15776582062244415,16.566558837890625
113,-17.309030532836914,-17.169208526611328,0.226312056183815,0.13982345163822174,17.383756637573242
114,-17.720523834228516,-17.579944610595703,0.24321067333221436,0.14057666063308716,17.80638313293457
115,-18.65100860595703,-18.49952507019043,0.23974452912807465,0.1514461785554886,18.751323699951172
116,-18.676368713378906,-18.532367706298828,0.2339678257703781,0.14398927986621857,18.78475570678711
117,-20.792497634887695,-20.66960334777832,0.27377450466156006,0.12290877103805542,20.860013961791992
118,-21.136232376098633,-20.999963760375977,0.24471595883369446,0.1362801492214203,21.199588775634766
119,-20.502416610717773,-20.359241485595703,0.22362668812274933,0.14314201474189758,20.572250366210938
120,-21.558504104614258,-21.417999267578125,0.23420697450637817,0.14049415290355682,21.64803123474121
121,-22.197359085083008,-22.07297134399414,0.2775508761405945,0.12440519034862518,22.291627883911133
122,-24.318286895751953,-24.20348358154297,0.309664785861969,0.11482347548007965,24.409345626831055
123,-24.191932678222656,-24.07132339477539,0.2845556139945984,0.12060920894145966,24.2369384765625
124,-22.75400161743164,-22.65289878845215,0.34331363439559937,0.10109952837228775,22.808387756347656
125,-20.311986923217773,-20.242992401123047,0.5632046461105347,0.06897343695163727,20.45888900756836
126,-16.761104583740234,-16.687936782836914,0.4522816240787506,0.07318638265132904,16.836938858032227
127,-13.687105178833008,-13.591771125793457,0.3052794635295868,0.09534778445959091,13.708784103393555
128,-12.839401245117188,-12.741308212280273,0.24516832828521729,0.098099485039711,12.871994018554688
129,-12.703898429870605,-12.595903396606445,0.2296944409608841,0.10798358172178268,12.756674766540527
130,-13.190399169921875,-13.083407402038574,0.2062096744775772,0.10699193179607391,13.240757942199707
131,-13.467597961425781,-13.358783721923828,0.2250950038433075,0.10881881415843964,13.522733688354492
132,-14.156798362731934,-14.046496391296387,0.22885069251060486,0.11031004786491394,14.193424224853516
133,-14.892504692077637,-14.781743049621582,0.23634901642799377,0.11076241731643677,14.924731254577637
134,-14.373930931091309,-14.252362251281738,0.2273475080728531,0.1215510442852974,14.453871726989746
135,-12.901200294494629,-12.780123710632324,0.2414238452911377,0.12107804417610168,12.946887016296387
136,-12.806303024291992,-12.69811725616455,0.2963181436061859,0.10819604247808456,12.850330352783203
137,-14.140120506286621,-14.022407531738281,0.2610330879688263,0.11773019284009933,14.231115341186523
138,-14.739511489868164,-14.624201774597168,0.23424412310123444,0.11529815196990967,14.799784660339355
139,-16.027435302734375,-15.90936279296875,0.25367313623428345,0.11806437373161316,16.12067413330078
140,-17.539379119873047,-17.431325912475586,0.2707275450229645,0.10805994272232056,17.61345863342285
141,-17.19542694091797,-17.080026626586914,0.2362067699432373,0.11540475487709045,17.25907325744629
142,-16.123516082763672,-16.012861251831055,0.23743098974227905,0.11064989119768143,16.161542892456055
143,-16.54084014892578,-16.425384521484375,0.2279096394777298,0.11542442440986633,16.647184371948242
144,-16.356842041015625,-16.242652893066406,0.2295072376728058,0.11418347805738449,16.420352935791016
145,-15.512831687927246,-15.398993492126465,0.22342762351036072,0.1138550266623497,15.58407211303711
146,-15.758586883544922,-15.639114379882812,0.22449186444282532,0.11948325484991074,15.853403091430664
147,-17.396148681640625,-17.284832000732422,0.22628569602966309,0.11133444309234619,17.479482650756836
148,-16.522733688354492,-16.413938522338867,0.21853144466876984,0.10878731310367584,16.562772750854492
149,-16.09193229675293,-15.975024223327637,0.23493890464305878,0.1168925017118454,16.187742233276367
150,-15.76330852508545,-15.64181900024414,0.2042727768421173,0.12149987369775772,15.824624061584473
151,-16.028972625732422,-15.91215705871582,0.21547096967697144,0.11681395024061203,16.115320205688477
152,-16.95787811279297,-16.83966827392578,0.2138165533542633,0.11819842457771301,17.02145767211914
153,-17.759008407592773,-17.649290084838867,0.2400377243757248,0.10970320552587509,17.84417152404785
154,-17.575702667236328,-17.46108627319336,0.2059619277715683,0.11462042480707169,17.65265655517578
155,-18.654781341552734,-18.546798706054688,0.22292634844779968,0.10799900442361832,18.751728057861328
156,-18.633304595947266,-18.51799964904785,0.22313597798347473,0.1152820810675621,18.697139739990234
157,-17.987958908081055,-17.87744903564453,0.2214428037405014,0.11052996665239334,18.032392501831055
158,-17.256086349487305,-17.13689613342285,0.23046875,0.11919495463371277,17.329620361328125
159,-17.503000259399414,-17.379953384399414,0.2113291472196579,0.1230667382478714,17.534923553466797
160,-17.366331100463867,-17.240341186523438,0.18335764110088348,0.12599609792232513,17.458511352539062
161,-16.48671531677246,-16.367666244506836,0.23977573215961456,0.11903798580169678,16.586427688598633
162,-16.45274543762207,-16.339969635009766,0.23015199601650238,0.11277632415294647,16.53853988647461
163,-16.64910125732422,-16.528242111206055,0.22817327082157135,0.12087509036064148,16.728763580322266
164,-15.884964942932129,-15.771259307861328,0.2619573473930359,0.11368823796510696,15.978435516357422
165,-17.356937408447266,-17.24354362487793,0.2463272213935852,0.1134037971496582,17.441375732421875
166,-17.805133819580078,-17.685352325439453,0.23509947955608368,0.11978182941675186,17.90848159790039
167,-17.67249298095703,-17.5648250579834,0.2781873047351837,0.10767684876918793,17.768049240112305
168,-18.52515411376953,-18.417802810668945,0.2744133174419403,0.10735073685646057,18.612842559814453
169,-20.60795783996582,-20.498170852661133,0.2902458608150482,0.1098209023475647,20.699480056762695
170,-20.70452117919922,-20.599172592163086,0.25543463230133057,0.10536745935678482,20.801843643188477
171,-19.949438095092773,-19.840606689453125,0.29071977734565735,0.10883381962776184,20.00164794921875
172,-19.181304931640625,-19.079387664794922,0.2839975357055664,0.10191656649112701,19.262569427490234
173,-19.855146408081055,-19.760622024536133,0.30314069986343384,0.09451794624328613,19.94340705871582
174,-19.542564392089844,-19.448097229003906,0.2929469645023346,0.09445419907569885,19.58197593688965
175,-18.55575180053711,-18.452329635620117,0.2823571562767029,0.1034087985754013,18.634843826293945
176,-19.134681701660156,-19.02904510498047,0.2641313970088959,0.10564170032739639,19.213857650756836
177,-19.103315353393555,-19.002626419067383,0.2928031086921692,0.10067903250455856,19.174890518188477
178,-18.887683868408203,-18.783376693725586,0.2526504695415497,0.1042931005358696,18.962106704711914
179,-18.664417266845703,-18.571807861328125,0.30170705914497375,0.09263788908720016,18.70366859436035
180,-17.200834274291992,-17.098602294921875,0.2703041732311249,0.10223406553268433,17.266416549682617
181,-16.212451934814453,-16.10439682006836,0.24633684754371643,0.10802613198757172,16.28498649597168
182,-15.609118461608887,-15.500197410583496,0.2661130130290985,0.10890641063451767,15.6733980178833
183,-14.113178253173828,-14.001705169677734,0.24694180488586426,0.11144424974918365,14.201322555541992
184,-13.704270362854004,-13.598409652709961,0.274125337600708,0.10586242377758026,13.760397911071777
185,-13.961518287658691,-13.856575012207031,0.264021635055542,0.10492274165153503,14.017972946166992
186,-13.146873474121094,-13.04005241394043,0.26545441150665283,0.10681837052106857,13.231616973876953
187,-13.375930786132812,-13.273848533630371,0.2740250825881958,0.10207781940698624,13.45089340209961
188,-12.44110107421875,-12.336959838867188,0.2696358859539032,0.10414262861013412,12.522683143615723
189,-13.70361042022705,-13.600907325744629,0.2909897565841675,0.10270778089761734,13.769815444946289
190,-15.625471115112305,-15.5222749710083,0.258690744638443,0.10318772494792938,15.68572998046875
191,-16.298521041870117,-16.195207595825195,0.24400106072425842,0.10331603139638901,16.3632869720459
192,-16.007461547851562,-15.912351608276367,0.2605036795139313,0.09512104094028473,16.08724594116211
193,-15.930960655212402,-15.826980590820312,0.26249292492866516,0.10398609191179276,15.997578620910645
194,-15.400444030761719,-15.295724868774414,0.2520352900028229,0.10471402853727341,15.44897174835205
195,-15.312439918518066,-15.204522132873535,0.2309284657239914,0.10789584368467331,15.401158332824707
196,-16.04703712463379,-15.945754051208496,0.2689886689186096,0.10128901898860931,16.114845275878906
197,-17.323970794677734,-17.210002899169922,0.22293025255203247,0.11396154761314392,17.43461799621582
198,-18.94498634338379,-18.83745765686035,0.22277186810970306,0.10753316432237625,19.036428451538086
199,-19.254146575927734,-19.14958953857422,0.23025256395339966,0.10456515848636627,19.31673240661621
200,-18.46353530883789,-18.355690002441406,0.21973736584186554,0.10783877223730087,18.55409049987793
201,-18.60887336730957,-18.50689125061035,0.22404006123542786,0.10196700692176819,18.709932327270508
202,-18.8638973236084,-18.755979537963867,0.24171435832977295,0.10791044682264328,18.97591209411621
203,-18.55683135986328,-18.451702117919922,0.2155817598104477,0.10515889525413513,18.643888473510742
204,-17.615793228149414,-17.504323959350586,0.19549131393432617,0.11148834973573685,17.718107223510742
205,-16.704727172851562,-16.599233627319336,0.2155245542526245,0.10548390448093414,16.8166446685791
206,-17.079395294189453,-16.974565505981445,0.2122955024242401,0.10481323301792145,17.16834259033203
207,-16.93345832824707,-16.82868003845215,0.2351599484682083,0.10481340438127518,17.043577194213867
208,-16.30439567565918,-16.20055389404297,0.24031737446784973,0.10383692383766174,16.387584686279297
209,-17.096410751342773,-16.9871883392334,0.23537343740463257,0.10923978686332703,17.172100067138672
210,-17.692384719848633,-17.59336280822754,0.26941344141960144,0.09902536123991013,17.7325496673584
211,-16.98625946044922,-16.87566566467285,0.23011285066604614,0.11062699556350708,17.078954696655273
212,-17.894126892089844,-17.789926528930664,0.23594854772090912,0.1042373850941658,17.99094581604004
213,-18.970415115356445,-18.869977951049805,0.2399195283651352,0.10044101625680923,19.046937942504883
214,-18.892333984375,-18.78716468811035,0.24160824716091156,0.10514939576387405,18.95972442626953
215,-18.75335693359375,-18.651140213012695,0.2733605206012726,0.10220382362604141,18.85312271118164
216,-18.118539810180664,-18.016809463500977,0.28165388107299805,0.10174748301506042,18.19373321533203
217,-20.007198333740234,-19.9112548828125,0.27757877111434937,0.09595542401075363,20.099985122680664
218,-21.53844451904297,-21.452707290649414,0.28902560472488403,0.08572179079055786,21.60260009765625
219,-22.638086318969727,-22.54374122619629,0.2599867582321167,0.09433891624212265,22.721323013305664
220,-23.403127670288086,-23.314149856567383,0.2690221071243286,0.0889560729265213,23.466922760009766
221,-23.159252166748047,-23.073501586914062,0.26690036058425903,0.08575225621461868,23.243438720703125
222,-21.887922286987305,-21.803142547607422,0.25087517499923706,0.08479120582342148,21.906618118286133
223,-20.995214462280273,-20.904008865356445,0.2541887164115906,0.09121840447187424,21.072282791137695
224,-21.18568992614746,-21.084888458251953,0.21503670513629913,0.10080534964799881,21.267053604125977
225,-20.84342384338379,-20.748933792114258,0.23594027757644653,0.09449518471956253,20.916894912719727
226,-20.953197479248047,-20.859895706176758,0.23088036477565765,0.09330562502145767,21.024810791015625
227,-20.55980682373047,-20.470096588134766,0.2757001221179962,0.08971177041530609,20.619300842285156
228,-19.536388397216797,-19.457279205322266,0.29854342341423035,0.07907027751207352,19.59846305847168
229,-18.41483497619629,-18.337539672851562,0.3220003545284271,0.07727207243442535,18.516456604003906
230,-16.788087844848633,-16.717077255249023,0.31746387481689453,0.07100479304790497,16.867652893066406
231,-15.399426460266113,-15.323888778686523,0.2871045768260956,0.07553540170192719,15.4592866897583
232,-15.18323040008545,-15.104580879211426,0.2645534574985504,0.07863808423280716,15.243064880371094
233,-16.195642471313477,-16.112239837646484,0.23950859904289246,0.08341306447982788,16.24942398071289
234,-16.359495162963867,-16.27324676513672,0.24104367196559906,0.08624137192964554,16.41041374206543
235,-16.15523910522461,-16.07514190673828,0.25110912322998047,0.0801030769944191,16.191240310668945
236,-16.01097869873047,-15.919533729553223,0.2248518019914627,0.0914502963423729,16.098876953125
237,-17.27621841430664,-17.19335174560547,0.24727535247802734,0.08286558091640472,17.32557487487793
238,-17.80451202392578,-17.72128677368164,0.24798773229122162,0.08320765197277069,17.83674430847168
239,-18.73951530456543,-18.656145095825195,0.25879204273223877,0.08337154239416122,18.797130584716797
240,-19.986291885375977,-19.910024642944336,0.2898901104927063,0.07626789808273315,20.02361297607422
241,-20.693574905395508,-20.606674194335938,0.2762033939361572,0.08689791709184647,20.728445053100586
242,-21.293231964111328,-21.216262817382812,0.3052668571472168,0.0769902840256691,21.318161010742188
243,-21.720975875854492,-21.638111114501953,0.2969053387641907,0.08289366215467453,21.743366241455078
244,-21.292781829833984,-21.217187881469727,0.31519612669944763,0.07559682428836823,21.33089256286621
245,-20.310213088989258,-20.233539581298828,0.27947214245796204,0.07667458802461624,20.314287185668945
246,-19.54098892211914,-19.458189010620117,0.2834758758544922,0.08279763907194138,19.59621238708496
247,-19.432512283325195,-19.344825744628906,0.30284953117370605,0.08769916743040085,19.47027015686035
248,-19.108591079711914,-19.028249740600586,0.28370794653892517,0.0803685262799263,19.130212783813477
249,-18.38250160217285,-18.29946517944336,0.27736490964889526,0.08302538841962814,18.423362731933594
250,-18.181133270263672,-18.097244262695312,0.2876332700252533,0.08389715850353241,18.18179702758789
251,-17.098026275634766,-17.02315902709961,0.3059540092945099,0.07484874129295349,17.116008758544922
252,-17.234344482421875,-17.16071128845215,0.2804339528083801,0.07363384962081909,17.26645278930664
253,-17.966463088989258,-17.88408660888672,0.25960659980773926,0.08238212019205093,18.011146545410156
254,-17.7708797454834,-17.68430519104004,0.23332242667675018,0.0865938812494278,17.831459045410156
255,-17.025699615478516,-16.937116622924805,0.24920450150966644,0.0885978564620018,17.0841064453125
256,-16.269811630249023,-16.183012008666992,0.25494658946990967,0.08679689466953278,16.326318740844727
257,-16.28272819519043,-16.19422721862793,0.2613200545310974,0.08849724382162094,16.354637145996094
258,-17.107952117919922,-17.019466400146484,0.2583785355091095,0.08851096779108047,17.15593719482422
259,-18.307254791259766,-18.22522735595703,0.29052698612213135,0.08201833069324493,18.35915184020996
260,-19.20755386352539,-19.119951248168945,0.24752721190452576,0.08758661895990372,19.233673095703125
261,-18.51848030090332,-18.428333282470703,0.2571023106575012,0.09015728533267975,18.56511878967285
262,-17.86368179321289,-17.78160285949707,0.27094167470932007,0.08208175748586655,17.935726165771484
263,-18.303314208984375,-18.2208309173584,0.26732221245765686,0.08247369527816772,18.354639053344727
264,-18.84882926940918,-18.762529373168945,0.28314101696014404,0.08629171550273895,18.91108512878418
265,-18.462650299072266,-18.371583938598633,0.2554129362106323,0.09104686230421066,18.517562866210938
266,-19.173748016357422,-19.086376190185547,0.23668475449085236,0.08737442642450333,19.246749877929688
267,-19.729515075683594,-19.64614486694336,0.2811000943183899,0.08338276296854019,19.796974182128906
268,-20.52253532409668,-20.439468383789062,0.2684115469455719,0.08305767178535461,20.61028480529785
269,-21.412139892578125,-21.324983596801758,0.2584609389305115,0.0871705487370491,21.455368041992188
270,-20.880508422851562,-20.800016403198242,0.24936018884181976,0.08048722892999649,20.93467903137207
271,-19.962549209594727,-19.879924774169922,0.2350178360939026,0.08259231597185135,20.028396606445312
272,-18.803363800048828,-18.716543197631836,0.24787768721580505,0.0868067741394043,18.868770599365234
273,-16.973119735717773,-16.887989044189453,0.2569420337677002,0.0851522833108902,17.02995491027832
274,-16.11652183532715,-16.023418426513672,0.22261030972003937,0.09308835864067078,16.2053165435791
275,-15.805168151855469,-15.715126037597656,0.22284553945064545,0.09004960209131241,15.886367797851562
276,-15.685826301574707,-15.606758117675781,0.2355843037366867,0.0790877714753151,15.764141082763672
277,-16.16725730895996,-16.08122444152832,0.22502408921718597,0.08602173626422882,16.24821662902832
278,-16.20905876159668,-16.121295928955078,0.20073337852954865,0.08774083107709885,16.28018569946289
279,-15.865222930908203,-15.777180671691895,0.1966143101453781,0.0880541205406189,15.927247047424316
280,-15.686144828796387,-15.597036361694336,0.2118980437517166,0.08909796178340912,15.746532440185547
281,-15.340338706970215,-15.258011817932129,0.23007120192050934,0.08233171701431274,15.399298667907715
282,-15.43415355682373,-15.346199035644531,0.19440829753875732,0.08794856816530228,15.527291297912598
283,-15.802845001220703,-15.713275909423828,0.20592398941516876,0.08956146985292435,15.866752624511719
284,-15.832802772521973,-15.743392944335938,0.21100004017353058,0.08940798789262772,15.887151718139648
285,-15.820110321044922,-15.730194091796875,0.20757000148296356,0.08990389108657837,15.896307945251465
286,-16.72239875793457,-16.63468360900879,0.19851340353488922,0.08772383630275726,16.821758270263672
287,-16.663482666015625,-16.576501846313477,0.2047332376241684,0.08698350936174393,16.723957061767578
288,-16.518016815185547,-16.430824279785156,0.19221040606498718,0.08719231188297272,16.59988784790039
289,-15.995135307312012,-15.904179573059082,0.19346590340137482,0.09096883237361908,16.060100555419922
290,-15.494705200195312,-15.398797035217285,0.19177557528018951,0.09592246264219284,15.578272819519043
291,-15.49245834350586,-15.404900550842285,0.22318492829799652,0.08758921921253204,15.581802368164062
292,-14.648479461669922,-14.554505348205566,0.2062525749206543,0.09397947043180466,14.726757049560547
293,-14.183026313781738,-14.090096473693848,0.20729930698871613,0.0929420068860054,14.26040267944336
294,-14.195188522338867,-14.100884437561035,0.19844260811805725,0.09429670870304108,14.297538757324219
295,-14.860557556152344,-14.765336990356445,0.19955885410308838,0.09521816670894623,14.967534065246582
296,-15.527044296264648,-15.432568550109863,0.18623144924640656,0.09447430074214935,15.633673667907715
297,-15.540580749511719,-15.452963829040527,0.20009708404541016,0.08764684945344925,15.659830093383789
298,-15.325739860534668,-15.234777450561523,0.21369569003582,0.09095438569784164,15.431194305419922
299,-15.224274635314941,-15.13394832611084,0.23067829012870789,0.09031488001346588,15.287312507629395
300,-15.849940299987793,-15.684730529785156,0.1357189267873764,0.16519130766391754,16.019744873046875
301,-16.00948715209961,-15.914156913757324,0.20075581967830658,0.09532655775547028,16.099145889282227
302,-16.333826065063477,-16.244937896728516,0.21165700256824493,0.08889874070882797,16.420127868652344
303,-16.745302200317383,-16.6563663482666,0.21576018631458282,0.08891018480062485,16.839448928833008
304,-16.733301162719727,-16.639053344726562,0.18629351258277893,0.09426186978816986,16.851303100585938
305,-17.42422103881836,-17.323692321777344,0.17755313217639923,0.10056737810373306,17.51984405517578
306,-17.869688034057617,-17.772480010986328,0.19021862745285034,0.09721507877111435,17.945920944213867
307,-18.02653694152832,-17.936330795288086,0.18581520020961761,0.09018994867801666,18.13304328918457
308,-18.135345458984375,-18.043075561523438,0.1910530924797058,0.09224428236484528,18.239635467529297
309,-17.574270248413086,-17.477798461914062,0.18922796845436096,0.0964694395661354,17.67827033996582
310,-17.30742073059082,-17.216856002807617,0.1816461980342865,0.09056275337934494,17.407020568847656
311,-17.086101531982422,-16.98946762084961,0.1758250892162323,0.09661328792572021,17.172945022583008
312,-17.145736694335938,-17.057186126708984,0.1656499058008194,0.08854781091213226,17.245269775390625
313,-16.8432559967041,-16.747852325439453,0.15949654579162598,0.09542939811944962,16.958744049072266
314,-16.899335861206055,-16.81075668334961,0.17536486685276031,0.08856763690710068,16.996315002441406
315,-17.044082641601562,-16.94241714477539,0.1682131588459015,0.10164526104927063,17.147119522094727
316,-17.240650177001953,-17.141796112060547,0.17276374995708466,0.0988357812166214,17.353042602539062
317,-17.50520133972168,-17.415571212768555,0.18524500727653503,0.0896138921380043,17.588117599487305
318,-17.430919647216797,-17.342287063598633,0.19467325508594513,0.08862917125225067,17.546934127807617
319,-17.595598220825195,-17.498016357421875,0.17271673679351807,0.09756813198328018,17.695249557495117
320,-17.069866180419922,-16.98104476928711,0.16341818869113922,0.08881808072328568,17.16295051574707
321,-17.05488395690918,-16.963642120361328,0.17236317694187164,0.09123679250478745,17.155303955078125
322,-17.484384536743164,-17.394960403442383,0.1790386587381363,0.08941998332738876,17.5845890045166
323,-17.580034255981445,-17.498140335083008,0.19221965968608856,0.08189684897661209,17.661230087280273
324,-17.375255584716797,-17.28525161743164,0.18190765380859375,0.09000749886035919,17.4694766998291
325,-16.96657371520996,-16.87740135192871,0.1910536140203476,0.08915683627128601,17.047792434692383
326,-16.905261993408203,-16.818004608154297,0.18461741507053375,0.08723597973585129,17.000139236450195
327,-16.715822219848633,-16.621797561645508,0.17119146883487701,0.09403160214424133,16.804861068725586
328,-15.859431266784668,-15.76652717590332,0.1670725792646408,0.09288517385721207,15.94834041595459
329,-15.144277572631836,-15.052506446838379,0.16175876557826996,0.09176402539014816,15.236414909362793
330,-15.00118637084961,-14.912572860717773,0.15933439135551453,0.0886051133275032,15.12394905090332
331,-15.352709770202637,-15.259808540344238,0.1581241339445114,0.09290918707847595,15.440078735351562
332,-16.010841369628906,-15.920119285583496,0.14681564271450043,0.09071554243564606,16.11406898498535
333,-16.26251220703125,-16.165510177612305,0.14081349968910217,0.0969998836517334,16.379772186279297
334,-16.64848518371582,-16.557052612304688,0.14550919830799103,0.09143972396850586,16.763734817504883
335,-16.4871826171875,-16.387792587280273,0.12811531126499176,0.09938689321279526,16.607980728149414
336,-16.526042938232422,-16.43128776550293,0.1282235085964203,0.09475290030241013,16.652708053588867
337,-16.601123809814453,-16.505779266357422,0.12671568989753723,0.09536756575107574,16.720609664916992
338,-17.027454376220703,-16.934911727905273,0.1275152564048767,0.09256045520305634,17.158790588378906
339,-17.44409942626953,-17.352170944213867,0.13159891963005066,0.09189299494028091,17.547832489013672
340,-17.16594123840332,-17.073259353637695,0.13407818973064423,0.09270288795232773,17.276227951049805
341,-16.892549514770508,-16.799453735351562,0.12086629867553711,0.09307892620563507,17.015676498413086
342,-16.78204917907715,-16.687047958374023,0.1342087835073471,0.09499883651733398,16.90300941467285
343,-16.749021530151367,-16.66144561767578,0.13556832075119019,0.08759179711341858,16.896772384643555
344,-17.123722076416016,-17.032699584960938,0.12895750999450684,0.0910230427980423,17.231868743896484
345,-16.831317901611328,-16.734638214111328,0.11616795510053635,0.0966869592666626,16.95488166809082
346,-16.775596618652344,-16.679115295410156,0.11772709339857101,0.09650786221027374,16.905838012695312
347,-16.654146194458008,-16.55573081970215,0.1279338002204895,0.09841620922088623,16.78485870361328
348,-16.269500732421875,-16.17486572265625,0.12724368274211884,0.09464851766824722,16.389738082885742
349,-15.7637939453125,-15.665445327758789,0.11035159975290298,0.0983537808060646,15.8973388671875
350,-14.968781471252441,-14.872634887695312,0.11752163618803024,0.09615226835012436,15.095043182373047
351,-14.146501541137695,-14.04714298248291,0.11613153666257858,0.09936506301164627,14.246485710144043
352,-14.013167381286621,-13.919368743896484,0.11500616371631622,0.09380552172660828,14.15045166015625
353,-14.46051025390625,-14.364850997924805,0.10833468288183212,0.0956464633345604,14.586820602416992
354,-14.558131217956543,-14.459288597106934,0.10048428922891617,0.09885898977518082,14.6891450881958
355,-14.586617469787598,-14.493253707885742,0.11710185557603836,0.09335831552743912,14.734516143798828
356,-14.494482040405273,-14.40060806274414,0.11244068294763565,0.09388839453458786,14.623541831970215
357,-14.464323997497559,-14.374348640441895,0.11924576014280319,0.08997944742441177,14.571331024169922
358,-14.041799545288086,-13.943309783935547,0.10547102987766266,0.09848195314407349,14.171764373779297
359,-13.481632232666016,-13.382519721984863,0.11682981252670288,0.09911305457353592,13.63009262084961
360,-12.935690879821777,-12.839590072631836,0.13011939823627472,0.09611522406339645,13.023298263549805
361,-11.993162155151367,-11.898579597473145,0.12346694618463516,0.09458912909030914,12.118800163269043
362,-11.55377197265625,-11.455286026000977,0.10698746889829636,0.09848568588495255,11.69638442993164
363,-11.421218872070312,-11.324217796325684,0.11392489820718765,0.09697316586971283,11.55980396270752
364,-11.508708000183105,-11.409889221191406,0.11037331074476242,0.09882628172636032,11.647072792053223
365,-11.727496147155762,-11.631462097167969,0.10319570451974869,0.0960332527756691,11.862333297729492
366,-11.833864212036133,-11.729400634765625,0.09898164868354797,0.10446109622716904,11.971047401428223
367,-11.780309677124023,-11.682605743408203,0.10833398997783661,0.09770896285772324,11.91625690460205
368,-11.871209144592285,-11.771355628967285,0.0997355505824089,0.09985070675611496,11.98235034942627
369,-11.865610122680664,-11.763127326965332,0.0870244950056076,0.10250119864940643,11.993684768676758
370,-11.583617210388184,-11.482285499572754,0.09912154078483582,0.10132967680692673,11.727584838867188
371,-10.425346374511719,-10.334157943725586,0.10576911270618439,0.091197170317173,10.561884880065918
372,-9.857549667358398,-9.757874488830566,0.09146090596914291,0.09967181086540222,9.982122421264648
373,-9.375682830810547,-9.275142669677734,0.08859414607286453,0.10053829103708267,9.525197982788086
374,-9.505866050720215,-9.412105560302734,0.09742225706577301,0.09375742822885513,9.631796836853027
375,-9.24623966217041,-9.146172523498535,0.09650015830993652,0.10007064044475555,9.3922700881958
376,-8.971990585327148,-8.871455192565918,0.08852288872003555,0.1005261093378067,9.085052490234375
377,-9.275404930114746,-9.178215980529785,0.08575496077537537,0.09719263762235641,9.390908241271973
378,-9.730238914489746,-9.636722564697266,0.09845317155122757,0.09352273494005203,9.856202125549316
379,-10.073336601257324,-9.976973533630371,0.09219025820493698,0.09637584537267685,10.191795349121094
380,-10.538572311401367,-10.437012672424316,0.08307468146085739,0.10155794024467468,10.673734664916992
381,-11.599562644958496,-11.50206470489502,0.09119582921266556,0.09750174731016159,11.704567909240723
382,-12.4739408493042,-12.378150939941406,0.0852636992931366,0.0958041101694107,12.590353965759277
383,-13.25894546508789,-13.163287162780762,0.08722138404846191,0.09565939009189606,13.38919734954834
384,-13.980551719665527,-13.888686180114746,0.09894013404846191,0.09187500178813934,14.105846405029297
385,-14.777881622314453,-14.684873580932617,0.08748012036085129,0.09301373362541199,14.898603439331055
386,-15.649920463562012,-15.554047584533691,0.0894409641623497,0.0958658829331398,15.783815383911133
387,-16.47183609008789,-16.380691528320312,0.08836779743432999,0.09113852679729462,16.60780906677246
388,-17.45524024963379,-17.3646183013916,0.0924057736992836,0.09063927829265594,17.595151901245117
389,-18.669017791748047,-18.573007583618164,0.08357949554920197,0.09598767757415771,18.80405616760254
390,-19.460615158081055,-19.37093162536621,0.10191592574119568,0.089693583548069,19.591976165771484
391,-20.512775421142578,-20.41240692138672,0.08526872098445892,0.10040798783302307,20.65053939819336
392,-21.807525634765625,-21.719770431518555,0.10932065546512604,0.08774751424789429,21.921552658081055
393,-22.53264617919922,-22.44426727294922,0.10805925726890564,0.08836844563484192,22.636255264282227
394,-23.189987182617188,-23.101022720336914,0.10521222651004791,0.08898886293172836,23.28894805908203
395,-23.2680721282959,-23.177806854248047,0.09697908163070679,0.09027808904647827,23.382823944091797
396,-23.41324806213379,-23.326059341430664,0.1037786453962326,0.0871502086520195,23.488367080688477
397,-22.968900680541992,-22.883460998535156,0.09895701706409454,0.08546440303325653,23.04934310913086
398,-22.637939453125,-22.555984497070312,0.11083626002073288,0.08193913102149963,22.747360229492188
399,-22.511070251464844,-22.43080711364746,0.10478200763463974,0.08025521785020828,22.630077362060547
400,-22.253976821899414,-22.172630310058594,0.10603496432304382,0.0813635066151619,22.346378326416016
401,-21.583383560180664,-21.498815536499023,0.10033317655324936,0.08458016067743301,21.679412841796875
402,-20.601343154907227,-20.514026641845703,0.10578838735818863,0.08730901777744293,20.701061248779297
403,-19.621801376342773,-19.537235260009766,0.10432397574186325,0.08456916362047195,19.712177276611328
404,-18.789501190185547,-18.71012306213379,0.10707738250494003,0.07937631756067276,18.894887924194336
405,-18.32842254638672,-18.244009017944336,0.10271833837032318,0.08441994339227676,18.420515060424805
406,-18.237510681152344,-18.15460205078125,0.09907269477844238,0.0828910768032074,18.325016021728516
407,-18.160001754760742,-18.06604766845703,0.07839769124984741,0.09394901245832443,18.255268096923828
408,-18.565250396728516,-18.47503089904785,0.09423942863941193,0.0902247279882431,18.66558265686035
409,-19.054235458374023,-18.97057342529297,0.09420207887887955,0.08365600556135178,19.155120849609375
410,-19.498641967773438,-19.406888961791992,0.08492914587259293,0.09175867587327957,19.60487937927246
411,-19.94038200378418,-19.850711822509766,0.08749343454837799,0.08967422693967819,20.047935485839844
412,-20.377235412597656,-20.290908813476562,0.09213168174028397,0.08634461462497711,20.468000411987305
413,-20.653793334960938,-20.568668365478516,0.09203533083200455,0.08516708761453629,20.77151107788086
414,-21.288305282592773,-21.202457427978516,0.09044734388589859,0.08584867417812347,21.384923934936523
415,-21.690378189086914,-21.594133377075195,0.0778578519821167,0.09625691920518875,21.79949188232422
416,-21.770206451416016,-21.683839797973633,0.09342019259929657,0.08636227250099182,21.865802764892578
417,-22.046911239624023,-21.958370208740234,0.08072962611913681,0.08855466544628143,22.157636642456055
418,-21.929162979125977,-21.841405868530273,0.08827430009841919,0.08776278793811798,22.032115936279297
419,-21.665454864501953,-21.577865600585938,0.08951273560523987,0.08757996559143066,21.75044059753418
420,-21.45942497253418,-21.375545501708984,0.09231679141521454,0.08386998623609543,21.56732177734375
421,-21.25197410583496,-21.162878036499023,0.0893162339925766,0.08906983584165573,21.35352325439453
422,-21.085695266723633,-20.99822235107422,0.08017989993095398,0.08746659010648727,21.19900131225586
423,-21.28900146484375,-21.195880889892578,0.08316298574209213,0.09310434013605118,21.402873992919922
424,-21.31709098815918,-21.228607177734375,0.08372900635004044,0.08849229663610458,21.414669036865234
425,-21.446224212646484,-21.3643856048584,0.0895751565694809,0.08182986080646515,21.5352783203125
426,-21.704511642456055,-21.611915588378906,0.08111818879842758,0.09257041662931442,21.813600540161133
427,-22.042743682861328,-21.960147857666016,0.09446442872285843,0.08262384682893753,22.133108139038086
428,-22.104400634765625,-22.012725830078125,0.08487945795059204,0.09164910763502121,22.224882125854492
429,-22.205272674560547,-22.122051239013672,0.10052540153265,0.08321765065193176,22.29581642150879
430,-22.31140899658203,-22.22596549987793,0.08783318102359772,0.08545739948749542,22.410730361938477
431,-22.642250061035156,-22.55644989013672,0.09161481261253357,0.08582054823637009,22.736827850341797
432,-22.68290901184082,-22.585338592529297,0.07975099235773087,0.09756899625062943,22.791629791259766
433,-22.480852127075195,-22.394447326660156,0.09179426729679108,0.08644427359104156,22.56022071838379
434,-22.25416374206543,-22.16291046142578,0.08317520469427109,0.09124305844306946,22.357423782348633
435,-21.88841438293457,-21.798219680786133,0.08230649679899216,0.09019552171230316,21.98539924621582
436,-21.17955780029297,-21.087886810302734,0.07871706038713455,0.09167932718992233,21.271278381347656
437,-20.80809783935547,-20.72123908996582,0.08866075426340103,0.08683453500270844,20.907367706298828
438,-20.65437126159668,-20.563560485839844,0.08429306000471115,0.09080865234136581,20.72871208190918
439,-20.293718338012695,-20.1962890625,0.06997640430927277,0.09740312397480011,20.37676429748535
440,-19.84307289123535,-19.75135040283203,0.07504917681217194,0.0917162150144577,19.933881759643555
441,-19.356426239013672,-19.259096145629883,0.07442731410264969,0.09735041856765747,19.452579498291016
442,-19.314002990722656,-19.224672317504883,0.08631652593612671,0.08936140686273575,19.42580795288086
443,-18.69025230407715,-18.596914291381836,0.0810592994093895,0.09331899136304855,18.79111671447754
444,-18.246309280395508,-18.144458770751953,0.07073318958282471,0.10183417797088623,18.351709365844727
445,-17.471033096313477,-17.378599166870117,0.08129503577947617,0.09244531393051147,17.55244255065918
446,-17.369037628173828,-17.274961471557617,0.07061468809843063,0.09408257901668549,17.472118377685547
447,-17.185667037963867,-17.087995529174805,0.07067252695560455,0.09768688678741455,17.30072021484375
448,-16.445716857910156,-16.356319427490234,0.08512049913406372,0.08938965946435928,16.548551559448242
449,-15.80023193359375,-15.709583282470703,0.08703013509511948,0.09066388010978699,15.900738716125488
450,-15.350900650024414,-15.266791343688965,0.08992066234350204,0.0841190293431282,15.453697204589844
451,-14.882956504821777,-14.791908264160156,0.08151749521493912,0.09104331582784653,15.010016441345215
452,-14.283394813537598,-14.197067260742188,0.0905793160200119,0.08633113652467728,14.391959190368652
453,-13.642133712768555,-13.554506301879883,0.07917048037052155,0.08764059096574783,13.735907554626465
454,-13.372092247009277,-13.280680656433105,0.07027553021907806,0.09142353385686874,13.485107421875
455,-13.251070022583008,-13.165191650390625,0.0842389315366745,0.08588660508394241,13.356680870056152
456,-13.851577758789062,-13.762347221374512,0.0838683545589447,0.08923019468784332,13.977569580078125
457,-13.994114875793457,-13.901403427124023,0.06782229244709015,0.0927128717303276,14.099493980407715
458,-14.010496139526367,-13.920047760009766,0.07665418088436127,0.09046332538127899,14.117191314697266
459,-14.553735733032227,-14.462881088256836,0.07901503890752792,0.09085097908973694,14.653278350830078
460,-14.564088821411133,-14.4785795211792,0.07811423391103745,0.0855143815279007,14.662697792053223
461,-14.334569931030273,-14.247928619384766,0.080445796251297,0.0866483524441719,14.450196266174316
462,-14.030369758605957,-13.94495964050293,0.08110447973012924,0.0854133665561676,14.147465705871582
463,-14.246528625488281,-14.163060188293457,0.08232235163450241,0.08345457911491394,14.33912467956543
464,-14.400198936462402,-14.312139511108398,0.08022307604551315,0.0880708172917366,14.517430305480957
465,-14.282120704650879,-14.18988037109375,0.08145841956138611,0.09223596751689911,14.395627975463867
466,-13.958158493041992,-13.87311840057373,0.08367643505334854,0.08504080027341843,14.079080581665039
467,-13.310487747192383,-13.220367431640625,0.07217217236757278,0.09010279178619385,13.4269380569458
468,-13.245139122009277,-13.159257888793945,0.07661907374858856,0.08589348942041397,13.34393310546875
469,-12.894229888916016,-12.804856300354004,0.06966136395931244,0.0893595740199089,13.00430965423584
470,-12.504572868347168,-12.421038627624512,0.08015384525060654,0.08351784944534302,12.622480392456055
471,-12.013442993164062,-11.92850112915039,0.07411018013954163,0.08493934571743011,12.129191398620605
472,-11.784403800964355,-11.70268726348877,0.07903074473142624,0.08172129094600677,11.880677223205566
473,-11.11858081817627,-11.028825759887695,0.07926301658153534,0.08975736051797867,11.214295387268066
474,-10.500640869140625,-10.413878440856934,0.07821927964687347,0.08676362782716751,10.572361946105957
475,-9.464262962341309,-9.37356185913086,0.07405031472444534,0.09070177376270294,9.56310749053955
476,-8.911027908325195,-8.821260452270508,0.07289853692054749,0.08977138251066208,9.006892204284668
477,-8.470953941345215,-8.386905670166016,0.0768640860915184,0.08404646813869476,8.565082550048828
478,-8.182881355285645,-8.092123031616211,0.06557518243789673,0.09075403958559036,8.303555488586426
479,-7.972750663757324,-7.886105537414551,0.06827276200056076,0.08665341883897781,8.07987117767334
480,-7.56620454788208,-7.475432872772217,0.06558366119861603,0.09076757729053497,7.680080413818359
481,-7.592377662658691,-7.502264022827148,0.06843290477991104,0.09011336416006088,7.689414978027344
482,-7.311856269836426,-7.213355541229248,0.0590084008872509,0.09851673990488052,7.441400051116943
483,-7.577341556549072,-7.479300022125244,0.06655494123697281,0.09804417937994003,7.668605804443359
484,-7.761597156524658,-7.661559104919434,0.058298420161008835,0.10004005581140518,7.869356632232666
485,-7.6625518798828125,-7.5649614334106445,0.05905986949801445,0.0975845605134964,7.749996662139893
486,-7.152837753295898,-7.060074329376221,0.058894261717796326,0.0927627682685852,7.254796028137207
487,-7.0699028968811035,-6.971578598022461,0.053783416748046875,0.09832402318716049,7.168952465057373
488,-6.978296756744385,-6.8849568367004395,0.0661601796746254,0.09333191812038422,7.073342323303223
489,-6.696645736694336,-6.60027551651001,0.06225864216685295,0.09636905044317245,6.817607879638672
490,-6.589733123779297,-6.505091667175293,0.07585465162992477,0.08464407920837402,6.707120418548584
491,-6.403716087341309,-6.309096336364746,0.06777462363243103,0.09462334960699081,6.515899658203125
492,-6.020086288452148,-5.926823616027832,0.056669656187295914,0.09327103942632675,6.150070667266846
493,-6.007375717163086,-5.8999128341674805,0.05171824246644974,0.1074649840593338,6.111385345458984
494,-5.677528381347656,-5.581366062164307,0.06571788340806961,0.09616201370954514,5.77065896987915
495,-5.436858177185059,-5.34478759765625,0.06406758725643158,0.0920717641711235,5.532372951507568
496,-5.436690807342529,-5.339210033416748,0.06286613643169403,0.09748111665248871,5.538622856140137
497,-5.050159931182861,-4.960575580596924,0.06637320667505264,0.08958316594362259,5.15230131149292
498,-4.9811625480651855,-4.880616188049316,0.05719359219074249,0.10054728388786316,5.110352993011475
499,-5.387798309326172,-5.30001974105835,0.06924047321081161,0.08777938038110733,5.4751715660095215
500,-5.667327404022217,-5.575044631958008,0.06278679519891739,0.09228626638650894,5.759678363800049
501,-5.796244144439697,-5.706782341003418,0.06869388371706009,0.08946400880813599,5.9145188331604
502,-6.030212879180908,-5.934050559997559,0.06050018221139908,0.0961678996682167,6.144773483276367
503,-5.792209148406982,-5.704117774963379,0.06498968601226807,0.0880846381187439,5.887678146362305
504,-6.028264999389648,-5.936703681945801,0.06130760535597801,0.09155982732772827,6.139797687530518
505,-6.278506278991699,-6.189314842224121,0.06790073961019516,0.08919065445661545,6.381336688995361
506,-5.96864128112793,-5.875429630279541,0.06312771886587143,0.09321140497922897,6.082169532775879
507,-5.744279384613037,-5.659418106079102,0.07131462544202805,0.08485850691795349,5.829598903656006
508,-5.379497528076172,-5.289111137390137,0.06841618567705154,0.09039002656936646,5.4835920333862305
509,-5.4701080322265625,-5.3811235427856445,0.05922703072428703,0.08898282051086426,5.571030616760254
510,-5.5385422706604,-5.449302673339844,0.05778216943144798,0.0892428383231163,5.6312103271484375
511,-5.403132438659668,-5.319548606872559,0.07104887068271637,0.08358694612979889,5.4940667152404785
512,-5.294167518615723,-5.2068610191345215,0.06308922916650772,0.08730659633874893,5.408946514129639
513,-5.658413410186768,-5.571438789367676,0.06405729800462723,0.08697186410427094,5.752254486083984
514,-5.465435028076172,-5.372220516204834,0.05675959587097168,0.09320423007011414,5.585493564605713
515,-5.420780658721924,-5.3327436447143555,0.0681665763258934,0.08803324401378632,5.527743816375732
516,-5.518834114074707,-5.4269819259643555,0.059372544288635254,0.09186108410358429,5.612421035766602
517,-5.404134273529053,-5.314152240753174,0.06391579657793045,0.08998192101716995,5.514986991882324
518,-5.2288689613342285,-5.140084266662598,0.05945895239710808,0.08878815919160843,5.329808712005615
519,-5.260463237762451,-5.171394348144531,0.05965139716863632,0.0890597403049469,5.351469039916992
520,-5.071957588195801,-4.985473155975342,0.06390482932329178,0.08648905158042908,5.149672031402588
521,-5.3337531089782715,-5.245568752288818,0.05582066625356674,0.08818388730287552,5.427680015563965
522,-5.313079833984375,-5.220671653747559,0.054130181670188904,0.0924069732427597,5.42056131362915
523,-5.804305076599121,-5.718235492706299,0.06128595396876335,0.08606996387243271,5.903837203979492
524,-6.0033392906188965,-5.914911270141602,0.06452510505914688,0.08843155950307846,6.082818984985352
525,-5.880344390869141,-5.789603233337402,0.062493473291397095,0.09074261039495468,5.951231002807617
526,-6.045587062835693,-5.957098007202148,0.06276822090148926,0.08848683536052704,6.150668144226074
527,-6.020537853240967,-5.931051254272461,0.057354193180799484,0.08947964012622833,6.114664554595947
528,-6.190184116363525,-6.104585647583008,0.06112160161137581,0.08559437841176987,6.2952117919921875
529,-5.689143657684326,-5.603212356567383,0.06525248289108276,0.08593596518039703,5.782052993774414
530,-5.887858867645264,-5.7972187995910645,0.05713749676942825,0.09063662588596344,5.969939231872559
531,-6.234865665435791,-6.144778728485107,0.05374472960829735,0.09009154140949249,6.320109844207764
532,-6.160610675811768,-6.074991703033447,0.059205200523138046,0.0856155976653099,6.243854999542236
533,-6.010777950286865,-5.918941974639893,0.05015464872121811,0.0918443500995636,6.130657196044922
534,-6.181020259857178,-6.089626789093018,0.05281653255224228,0.09139014780521393,6.308239459991455
535,-6.555815696716309,-6.479571342468262,0.07303377985954285,0.0762462168931961,6.6595139503479
536,-6.658817768096924,-6.5744452476501465,0.06102216988801956,0.08438029140233994,6.764974117279053
537,-6.798939228057861,-6.710801124572754,0.05859861522912979,0.08813343197107315,6.878594875335693
538,-7.089243412017822,-7.005505561828613,0.06293132156133652,0.08373932540416718,7.213964462280273
539,-7.247519016265869,-7.164102554321289,0.059126514941453934,0.08341603726148605,7.3609514236450195
540,-6.979115009307861,-6.8979315757751465,0.0691257044672966,0.08117895573377609,7.078256130218506
541,-6.921464920043945,-6.837776184082031,0.06604128330945969,0.08368199318647385,7.040812015533447
542,-6.6319074630737305,-6.545598030090332,0.0640784278512001,0.08630763739347458,6.728472709655762
543,-6.449042797088623,-6.3682661056518555,0.06266237050294876,0.08078078180551529,6.53692102432251
544,-6.508866310119629,-6.426294803619385,0.06512981653213501,0.08258484303951263,6.606322288513184
545,-6.746473789215088,-6.664294242858887,0.06321600824594498,0.08217570930719376,6.870908737182617
546,-6.3483686447143555,-6.268457412719727,0.06591238081455231,0.07991383969783783,6.456491947174072
547,-6.01249361038208,-5.937792778015137,0.0748879611492157,0.07470297813415527,6.109131813049316
548,-5.655450344085693,-5.5720648765563965,0.06763287633657455,0.08339272439479828,5.73891019821167
549,-5.447081565856934,-5.365707874298096,0.05858217179775238,0.08137932419776917,5.542118072509766
550,-5.533951282501221,-5.448757171630859,0.05667871981859207,0.08519474416971207,5.65590763092041
551,-5.363654613494873,-5.276031017303467,0.056992873549461365,0.08762510120868683,5.47066068649292
552,-5.490227699279785,-5.403369903564453,0.05446077883243561,0.08685766160488129,5.577607154846191
553,-5.5372538566589355,-5.447186470031738,0.05459022894501686,0.0900648981332779,5.6133012771606445
554,-5.30542516708374,-5.223103046417236,0.064986951649189,0.08232511579990387,5.387228488922119
555,-5.248771667480469,-5.162192344665527,0.05891353636980057,0.08657974004745483,5.345721244812012
556,-5.141125679016113,-5.055837631225586,0.05757393315434456,0.08529151231050491,5.237383842468262
557,-4.976007461547852,-4.894046306610107,0.06266229599714279,0.08196575194597244,5.066869735717773
558,-5.02274751663208,-4.9455695152282715,0.06232963874936104,0.07717835158109665,5.120895862579346
559,-4.981179237365723,-4.896602630615234,0.05583508685231209,0.08457775413990021,5.068339824676514
560,-5.0223002433776855,-4.941429615020752,0.06039412319660187,0.08087334036827087,5.109511852264404
561,-4.716451644897461,-4.634502410888672,0.06640157848596573,0.08195047080516815,4.830305576324463
562,-5.440647125244141,-5.360877990722656,0.061037760227918625,0.07976742833852768,5.527636528015137
563,-5.695662021636963,-5.617800235748291,0.06284384429454803,0.0778711810708046,5.790133953094482
564,-5.745856285095215,-5.667347431182861,0.05882221460342407,0.07850510627031326,5.848752975463867
565,-5.594985008239746,-5.512239456176758,0.05802202224731445,0.0827505812048912,5.70071268081665
566,-5.455817222595215,-5.373234748840332,0.057284433394670486,0.08258635550737381,5.573012351989746
567,-5.4420599937438965,-5.362762451171875,0.06316078454256058,0.07929851114749908,5.559236526489258
568,-5.755544662475586,-5.670351028442383,0.055302031338214874,0.08519472926855087,5.8619890213012695
569,-5.630021572113037,-5.554291725158691,0.06551946699619293,0.07573399692773819,5.733126640319824
570,-5.719602584838867,-5.639068126678467,0.06284408271312714,0.08053169399499893,5.819765567779541
571,-5.842416763305664,-5.764101982116699,0.06132315471768379,0.07831447571516037,5.9382195472717285
572,-6.013372898101807,-5.933412551879883,0.06419187039136887,0.07996512204408646,6.104581356048584
573,-6.209344863891602,-6.130712985992432,0.07153857499361038,0.07863561809062958,6.302863121032715
574,-6.634190082550049,-6.558588027954102,0.06895134598016739,0.07559975981712341,6.7165751457214355
575,-6.795877456665039,-6.714198589324951,0.055643681436777115,0.08167830109596252,6.899346828460693
576,-7.3137640953063965,-7.2310709953308105,0.0644623190164566,0.08268849551677704,7.409350395202637
577,-7.759908199310303,-7.67578125,0.05720885843038559,0.08411124348640442,7.851907730102539
578,-7.731168746948242,-7.6479620933532715,0.055201455950737,0.08320284634828568,7.834277629852295
579,-7.78750467300415,-7.707360744476318,0.06262767314910889,0.08014648407697678,7.8936028480529785
580,-7.940319538116455,-7.856613636016846,0.05539950355887413,0.08370675146579742,8.038434028625488
581,-8.267958641052246,-8.18361759185791,0.05679041147232056,0.0843309834599495,8.37973690032959
582,-8.248016357421875,-8.169903755187988,0.06129574030637741,0.07810436189174652,8.335165023803711
583,-8.58521842956543,-8.49577808380127,0.04832779988646507,0.08943463116884232,8.674304962158203
584,-8.490073204040527,-8.403552055358887,0.04935299977660179,0.08651647716760635,8.58696174621582
585,-8.941165924072266,-8.853094100952148,0.04641082137823105,0.08808301389217377,9.03725528717041
586,-8.97318172454834,-8.889883995056152,0.056586891412734985,0.08330076187849045,9.061196327209473
587,-8.917101860046387,-8.833307266235352,0.05531848967075348,0.08379781246185303,9.00570011138916
588,-8.684711456298828,-8.604716300964355,0.0604926235973835,0.08000082522630692,8.772271156311035
589,-8.517828941345215,-8.433554649353027,0.052375681698322296,0.08427198976278305,8.6455078125
590,-8.449106216430664,-8.36549186706543,0.05616597831249237,0.08361749351024628,8.54869556427002
591,-8.19774055480957,-8.11514663696289,0.057442840188741684,0.08258910477161407,8.318341255187988
592,-8.513326644897461,-8.434236526489258,0.05515721067786217,0.07907779514789581,8.623250961303711
593,-8.382667541503906,-8.296259880065918,0.048950839787721634,0.08640198409557343,8.487635612487793
594,-8.143778800964355,-8.060997009277344,0.05873798578977585,0.08278264105319977,8.23033618927002
595,-7.834826946258545,-7.755911350250244,0.05746201053261757,0.07891402393579483,7.926896572113037
596,-7.641186237335205,-7.557194709777832,0.05222364887595177,0.0840015783905983,7.749139308929443
597,-7.550031661987305,-7.47045373916626,0.05538594350218773,0.07957296073436737,7.652043342590332
598,-7.140848159790039,-7.067451000213623,0.0644536018371582,0.0734006017446518,7.234096050262451
599,-7.100157737731934,-7.019848823547363,0.05480697751045227,0.08030784875154495,7.207830905914307
600,-6.521166801452637,-6.44373083114624,0.06004151701927185,0.07744207978248596,6.619023323059082
601,-6.7156243324279785,-6.639562606811523,0.056159086525440216,0.07605557888746262,6.797222137451172
602,-6.561420917510986,-6.483295917510986,0.05544382706284523,0.0781281590461731,6.659419536590576
603,-6.447027206420898,-6.367282390594482,0.05505599454045296,0.07973773032426834,6.564985275268555
604,-6.448739528656006,-6.371316909790039,0.056384481489658356,0.07742869108915329,6.559335708618164
605,-6.67198371887207,-6.5974884033203125,0.0623287558555603,0.07450108230113983,6.805146217346191
606,-6.775667667388916,-6.7031097412109375,0.06542482227087021,0.07255580276250839,6.874747276306152
607,-6.5717620849609375,-6.497478485107422,0.06528227031230927,0.07427613437175751,6.695619583129883
608,-6.658115386962891,-6.58339786529541,0.06799909472465515,0.07471596449613571,6.759072780609131
609,-6.837064266204834,-6.758779048919678,0.05738144367933273,0.07829456031322479,6.961397171020508
610,-7.2691121101379395,-7.187294006347656,0.05298009142279625,0.08182677626609802,7.381672382354736
611,-7.581272602081299,-7.502447605133057,0.05179137736558914,0.07882992178201675,7.681544780731201
612,-8.041878700256348,-7.9673027992248535,0.058839090168476105,0.07457532733678818,8.141010284423828
613,-8.07732105255127,-7.999759674072266,0.054146360605955124,0.07755985110998154,8.184098243713379
614,-7.975412845611572,-7.9003071784973145,0.06206192076206207,0.07509498298168182,8.085156440734863
615,-7.709225177764893,-7.632066249847412,0.0568261556327343,0.07715362310409546,7.808202743530273
616,-7.8846893310546875,-7.804224491119385,0.05199252441525459,0.08045709878206253,8.016685485839844
617,-8.561963081359863,-8.481964111328125,0.05321184918284416,0.08000317215919495,8.665833473205566
618,-8.676451683044434,-8.59703540802002,0.05798647925257683,0.07941628247499466,8.7626953125
619,-8.461214065551758,-8.386641502380371,0.06915315240621567,0.0745902955532074,8.545902252197266
620,-8.322742462158203,-8.244917869567871,0.06455250829458237,0.07782162725925446,8.421893119812012
621,-8.514082908630371,-8.441095352172852,0.06385062634944916,0.07297590374946594,8.622387886047363
622,-8.711250305175781,-8.640247344970703,0.06719523668289185,0.07099857181310654,8.829110145568848
623,-8.948567390441895,-8.87593936920166,0.06449076533317566,0.07261919975280762,9.04059886932373
624,-9.180624008178711,-9.105785369873047,0.06576293706893921,0.07482963800430298,9.283365249633789
625,-9.428001403808594,-9.351677894592285,0.05679556354880333,0.07633307576179504,9.53420639038086
626,-9.564947128295898,-9.4874906539917,0.05489068105816841,0.07745156437158585,9.648783683776855
627,-9.480523109436035,-9.399123191833496,0.05051110312342644,0.08140070736408234,9.588153839111328
628,-9.613547325134277,-9.541565895080566,0.06733721494674683,0.07197316735982895,9.715230941772461
629,-9.680310249328613,-9.603082656860352,0.059357400983572006,0.07721728086471558,9.785849571228027
630,-10.049595832824707,-9.96750545501709,0.05209893733263016,0.08208364248275757,10.149392127990723
631,-9.933004379272461,-9.856860160827637,0.058261800557374954,0.07615430653095245,10.0285005569458
632,-9.807233810424805,-9.729503631591797,0.05701931565999985,0.07774150371551514,9.895136833190918
633,-9.383671760559082,-9.30858039855957,0.061326198279857635,0.07510023564100266,9.494824409484863
634,-8.99893856048584,-8.920083045959473,0.05713104084134102,0.07885418832302094,9.097655296325684
635,-8.929095268249512,-8.85420036315918,0.062294311821460724,0.07489240914583206,9.041949272155762
636,-8.72689437866211,-8.644997596740723,0.05143699422478676,0.0818949043750763,8.846590042114258
637,-8.550593376159668,-8.467231750488281,0.04663928598165512,0.08336196094751358,8.651955604553223
638,-8.492520332336426,-8.415251731872559,0.055955976247787476,0.07727352529764175,8.603292465209961
639,-8.732488632202148,-8.656923294067383,0.05564968287944794,0.07555823028087616,8.826674461364746
640,-8.666309356689453,-8.590971946716309,0.0579008124768734,0.07533583790063858,8.787705421447754
641,-8.800090789794922,-8.724435806274414,0.061236534267663956,0.07565516233444214,8.891772270202637
642,-8.802203178405762,-8.728294372558594,0.05883990600705147,0.07390807569026947,8.908774375915527
643,-8.784927368164062,-8.706961631774902,0.05437295883893967,0.0779700055718422,8.892644882202148
644,-8.947225570678711,-8.869054794311523,0.05441996827721596,0.07816075533628464,9.044974327087402
645,-8.931632995605469,-8.855147361755371,0.051576364785432816,0.07649128139019012,9.062775611877441
646,-8.419694900512695,-8.345861434936523,0.05398139730095863,0.07382821291685104,8.512187957763672
647,-8.117447853088379,-8.040647506713867,0.056189682334661484,0.07679688930511475,8.216639518737793
648,-7.770431041717529,-7.695908069610596,0.05703241005539894,0.07451959699392319,7.87494421005249
649,-7.20238733291626,-7.129666328430176,0.0572824664413929,0.0727170929312706,7.288935661315918
650,-7.211002349853516,-7.136813640594482,0.05606561899185181,0.07418926060199738,7.3195013999938965
651,-7.079378604888916,-7.004188060760498,0.0542190857231617,0.07518983632326126,7.162031650543213
652,-7.147281169891357,-7.065103530883789,0.04696911573410034,0.08217667788267136,7.237061023712158
653,-7.069410800933838,-6.995530605316162,0.05595523118972778,0.07387524098157883,7.14385461807251
654,-6.72880744934082,-6.647393226623535,0.044919732958078384,0.08141499012708664,6.842126846313477
655,-6.242514133453369,-6.160526752471924,0.04370801895856857,0.08198656886816025,6.352116584777832
656,-6.113094329833984,-6.036683082580566,0.051874395459890366,0.07641147077083588,6.215435028076172
657,-6.2944841384887695,-6.215861797332764,0.05178341269493103,0.07862379401922226,6.38899564743042
658,-6.052024841308594,-5.968850135803223,0.04635271057486534,0.08317448198795319,6.162388324737549
659,-6.114005088806152,-6.034078121185303,0.056689076125621796,0.07991474121809006,6.20682954788208
660,-6.253849506378174,-6.1788530349731445,0.06308496743440628,0.07499271631240845,6.362109184265137
661,-6.40055513381958,-6.325107574462891,0.05180969089269638,0.07546085119247437,6.503170013427734
662,-6.286077976226807,-6.20818567276001,0.04915336146950722,0.07788977771997452,6.40036678314209
663,-6.337787628173828,-6.257355213165283,0.04656430333852768,0.08043482154607773,6.433895587921143
664,-6.428813934326172,-6.352489471435547,0.04644163325428963,0.07632286101579666,6.534921646118164
665,-6.3271484375,-6.25661563873291,0.05753832310438156,0.07052715867757797,6.424595355987549
666,-6.196871757507324,-6.127387523651123,0.05811654031276703,0.06948038190603256,6.301285266876221
667,-6.243885517120361,-6.171409606933594,0.05363176763057709,0.07247479259967804,6.345510959625244
668,-6.2710161209106445,-6.197091102600098,0.05452442541718483,0.07392877340316772,6.383085250854492
669,-6.533296585083008,-6.460395812988281,0.054798174649477005,0.0729001984000206,6.652743816375732
670,-6.741283893585205,-6.667092323303223,0.052853114902973175,0.07419617474079132,6.849058628082275
671,-6.7396626472473145,-6.663821697235107,0.050688888877630234,0.07584115117788315,6.837100028991699
672,-6.886203765869141,-6.8136444091796875,0.05054183304309845,0.07256125658750534,7.000894546508789
673,-7.02554988861084,-6.954083442687988,0.05145539343357086,0.07147357612848282,7.124959468841553
674,-6.965546607971191,-6.888058662414551,0.04300709441304207,0.07748091220855713,7.062759876251221
675,-6.862800598144531,-6.793466567993164,0.05708805099129677,0.06934449076652527,6.955017566680908
676,-6.690725326538086,-6.622133255004883,0.05299709364771843,0.06859678775072098,6.793969631195068
677,-6.637636661529541,-6.562272548675537,0.04793213680386543,0.07537039369344711,6.75541877746582
678,-6.808376312255859,-6.7315897941589355,0.04515177756547928,0.07679635286331177,6.891153812408447
679,-6.807857513427734,-6.732271194458008,0.044386137276887894,0.0755808874964714,6.910709857940674
680,-6.941281318664551,-6.866603374481201,0.04632847011089325,0.07468395680189133,7.049083709716797
681,-7.160808563232422,-7.088282585144043,0.05043080076575279,0.07251857221126556,7.2595391273498535
682,-7.167573928833008,-7.094069480895996,0.04890814051032066,0.07350720465183258,7.278135776519775
683,-7.264876842498779,-7.184805870056152,0.04780285432934761,0.08007846772670746,7.365819931030273
684,-7.221517562866211,-7.145833969116211,0.0511234775185585,0.07568075507879257,7.318880558013916
685,-7.3417067527771,-7.266462326049805,0.0467219278216362,0.0752558708190918,7.4703826904296875
686,-7.356055736541748,-7.278336048126221,0.04839363694190979,0.07772961258888245,7.473130702972412
687,-7.577949047088623,-7.504495143890381,0.05393441021442413,0.07346003502607346,7.697756767272949
688,-8.024620056152344,-7.95298957824707,0.05862150341272354,0.07164572924375534,8.118157386779785
689,-8.038290023803711,-7.962114334106445,0.0448169969022274,0.07618092000484467,8.139470100402832
690,-8.295429229736328,-8.220490455627441,0.052574753761291504,0.07494080811738968,8.416271209716797
691,-8.465449333190918,-8.389580726623535,0.0486888512969017,0.075870580971241,8.586641311645508
692,-8.490422248840332,-8.419267654418945,0.053273823112249374,0.07115356624126434,8.590974807739258
693,-8.532873153686523,-8.457216262817383,0.04862797632813454,0.07566338032484055,8.65742015838623
694,-8.613531112670898,-8.537528991699219,0.05026918649673462,0.07598815113306046,8.72166633605957
695,-8.79084587097168,-8.717663764953613,0.04959344491362572,0.07316847890615463,8.89599609375
696,-8.411073684692383,-8.340293884277344,0.055284932255744934,0.0707639753818512,8.505197525024414
697,-8.517757415771484,-8.443653106689453,0.05282839760184288,0.07411301881074905,8.622214317321777
698,-8.175838470458984,-8.104413032531738,0.05105145275592804,0.07141240686178207,8.278847694396973
699,-7.586738109588623,-7.5098161697387695,0.044172532856464386,0.07693509012460709,7.694482803344727
700,-7.220504283905029,-7.142594814300537,0.04387039691209793,0.07790301740169525,7.347480773925781
701,-7.355777740478516,-7.279915809631348,0.043320443481206894,0.0758652314543724,7.452016353607178
702,-7.0222883224487305,-6.950850963592529,0.05775560066103935,0.07143255323171616,7.116971492767334
703,-7.132771968841553,-7.058856010437012,0.051839955151081085,0.07391970604658127,7.242162227630615
704,-6.9478607177734375,-6.875936985015869,0.0523337759077549,0.0719229206442833,7.0347747802734375
705,-6.436983585357666,-6.368624210357666,0.055873945355415344,0.0683528259396553,6.547018051147461
706,-6.077418327331543,-6.0073723793029785,0.05314915254712105,0.07004861533641815,6.195450305938721
707,-6.201234817504883,-6.129631996154785,0.05229031667113304,0.07159949839115143,6.3055338859558105
708,-6.005499362945557,-5.932583808898926,0.048161573708057404,0.07291852682828903,6.112611770629883
709,-6.3910675048828125,-6.323741436004639,0.05793243274092674,0.0673232451081276,6.491874694824219
710,-6.446254253387451,-6.374818801879883,0.04614400118589401,0.07143174111843109,6.558080196380615
711,-6.23983907699585,-6.168879985809326,0.05053989961743355,0.07095836848020554,6.316258430480957
712,-5.901223182678223,-5.831290245056152,0.05017752945423126,0.06992565095424652,6.016543388366699
713,-5.985906600952148,-5.913314342498779,0.04828169196844101,0.07258855551481247,6.100887775421143
714,-5.853022575378418,-5.7906999588012695,0.06213953718543053,0.06232089549303055,5.958780288696289
715,-6.05328369140625,-5.987375736236572,0.05198311805725098,0.06590458750724792,6.162709712982178
716,-6.525944709777832,-6.453610420227051,0.05073469877243042,0.0723307654261589,6.631879806518555
717,-6.93897008895874,-6.872640609741211,0.06218714267015457,0.06633729487657547,7.02927827835083
718,-7.030092239379883,-6.962899208068848,0.053225599229335785,0.06719894707202911,7.1518168449401855
719,-7.093818187713623,-7.023066997528076,0.05590732395648956,0.07075172662734985,7.1875786781311035
720,-6.949801445007324,-6.878865718841553,0.049636777490377426,0.07094021141529083,7.03676700592041
721,-7.102186679840088,-7.03198766708374,0.050003550946712494,0.07021140307188034,7.18416166305542
722,-6.7930779457092285,-6.721206188201904,0.045872848480939865,0.0718853622674942,6.891643047332764
723,-6.739473819732666,-6.66039514541626,0.03770849481225014,0.07907715439796448,6.85191535949707
724,-6.790252685546875,-6.723880767822266,0.0552397146821022,0.06637552380561829,6.905862331390381
725,-6.899781227111816,-6.829230308532715,0.0488869771361351,0.07053786516189575,7.0056376457214355
726,-6.753228664398193,-6.685244083404541,0.04929651692509651,0.06798940896987915,6.861055374145508
727,-6.990716934204102,-6.919676303863525,0.04420403018593788,0.07104307413101196,7.1194376945495605
728,-7.2393646240234375,-7.170766353607178,0.05335394665598869,0.0685897246003151,7.353333473205566
729,-7.286731243133545,-7.214669227600098,0.04591504856944084,0.07205440104007721,7.398172855377197
730,-7.413287162780762,-7.342652797698975,0.049563515931367874,0.0706387609243393,7.52064847946167
731,-7.517731189727783,-7.4483137130737305,0.050742872059345245,0.06941240280866623,7.623502731323242
732,-7.409748077392578,-7.335324287414551,0.04320341348648071,0.07442530989646912,7.512760639190674
733,-7.146357536315918,-7.080516815185547,0.05515693128108978,0.06583593040704727,7.2544169425964355
734,-7.367289066314697,-7.29949426651001,0.052317503839731216,0.06778666377067566,7.467260360717773
735,-7.196813106536865,-7.125269889831543,0.047933582216501236,0.0715518593788147,7.2952494621276855
736,-7.33174991607666,-7.26871395111084,0.05566876009106636,0.06302923709154129,7.4256486892700195
737,-7.628480434417725,-7.554469108581543,0.046696681529283524,0.07400870323181152,7.740200042724609
738,-7.918006420135498,-7.848062515258789,0.04695896804332733,0.0699424147605896,8.017804145812988
739,-8.307427406311035,-8.239194869995117,0.05336907505989075,0.06823450326919556,8.415997505187988
740,-8.46458911895752,-8.396522521972656,0.056336384266614914,0.06806325167417526,8.569134712219238
741,-8.899127960205078,-8.829239845275879,0.0530671589076519,0.0698872059583664,9.017922401428223
742,-9.31344223022461,-9.246650695800781,0.05042837932705879,0.06678617000579834,9.423598289489746
743,-9.22468376159668,-9.149433135986328,0.04171076416969299,0.07525444775819778,9.318551063537598
744,-8.932915687561035,-8.864169120788574,0.052446190267801285,0.06873797625303268,9.042160034179688
745,-8.970556259155273,-8.905754089355469,0.05947563797235489,0.06479310244321823,9.065176963806152
746,-8.665507316589355,-8.596948623657227,0.05625283345580101,0.06855650991201401,8.774285316467285
747,-8.544726371765137,-8.480219841003418,0.05818057060241699,0.06452113389968872,8.620041847229004
748,-8.626547813415527,-8.557577133178711,0.050871577113866806,0.06896457821130753,8.726322174072266
749,-8.642206192016602,-8.576447486877441,0.058992642909288406,0.06574622541666031,8.7305269241333
750,-8.411980628967285,-8.349405288696289,0.05866681784391403,0.06258732825517654,8.495906829833984
751,-8.201217651367188,-8.132338523864746,0.05033507198095322,0.0688757374882698,8.320819854736328
752,-8.517974853515625,-8.451277732849121,0.050646647810935974,0.06669141352176666,8.627816200256348
753,-8.753547668457031,-8.688312530517578,0.05400634557008743,0.06525906175374985,8.852150917053223
754,-8.802124977111816,-8.733732223510742,0.04912528395652771,0.06838839501142502,8.916499137878418
755,-9.254711151123047,-9.186121940612793,0.04717563837766647,0.06859199702739716,9.329399108886719
756,-8.872450828552246,-8.799721717834473,0.04493039473891258,0.07271762937307358,8.980507850646973
757,-8.76332950592041,-8.694795608520508,0.04086694493889809,0.06853034347295761,8.853096961975098
758,-8.990901947021484,-8.920513153076172,0.043389659374952316,0.07038708031177521,9.072400093078613
759,-9.264022827148438,-9.189508438110352,0.040126360952854156,0.07451463490724564,9.361959457397461
760,-9.36966609954834,-9.296566009521484,0.04223174974322319,0.07309431582689285,9.490531921386719
761,-9.219130516052246,-9.150989532470703,0.046713124960660934,0.0681486427783966,9.30480670928955
762,-9.314525604248047,-9.24365520477295,0.04494394361972809,0.07087573409080505,9.403605461120605
763,-9.185338973999023,-9.114191055297852,0.045593392103910446,0.07116174697875977,9.275575637817383
764,-9.16756820678711,-9.101053237915039,0.05033738538622856,0.06650689989328384,9.268359184265137
765,-8.991972923278809,-8.923226356506348,0.049048032611608505,0.06873989850282669,9.095293045043945
766,-8.915834426879883,-8.848099708557129,0.052399586886167526,0.06772518157958984,9.005701065063477
767,-8.723477363586426,-8.65518856048584,0.047975193709135056,0.06828063726425171,8.786816596984863
768,-8.231741905212402,-8.165969848632812,0.0552150122821331,0.0657738596200943,8.324447631835938
769,-8.100990295410156,-8.03819751739502,0.05383710563182831,0.06278309226036072,8.192730903625488
770,-8.328229904174805,-8.260340690612793,0.054827068001031876,0.06789281219244003,8.411779403686523
771,-8.266592025756836,-8.202021598815918,0.05102281644940376,0.06456563621759415,8.344141006469727
772,-7.978206157684326,-7.917507171630859,0.05938846617937088,0.06069665402173996,8.065208435058594
773,-8.025320053100586,-7.963860511779785,0.05334063246846199,0.061457715928554535,8.115955352783203
774,-7.905134201049805,-7.8365702629089355,0.0503508597612381,0.06856928765773773,7.988302230834961
775,-7.814905643463135,-7.752060890197754,0.056157395243644714,0.06283733993768692,7.914379119873047
776,-7.588451862335205,-7.5207390785217285,0.05173267051577568,0.06771785765886307,7.696972370147705
777,-7.109399795532227,-7.046499252319336,0.05245942994952202,0.06290116906166077,7.197606086730957
778,-6.735166072845459,-6.673179626464844,0.05186540633440018,0.0619889572262764,6.8574442863464355
779,-6.5338358879089355,-6.4725799560546875,0.05539654940366745,0.06126469001173973,6.636495590209961
780,-6.152312278747559,-6.092689514160156,0.05775380879640579,0.05962072312831879,6.261927127838135
781,-6.397240161895752,-6.333414077758789,0.05387590453028679,0.06382966786623001,6.496321201324463
782,-6.410332679748535,-6.346489429473877,0.05039031803607941,0.06384573131799698,6.527338027954102
783,-6.070594787597656,-6.001577854156494,0.049392592161893845,0.06901651620864868,6.1624436378479
784,-6.171420574188232,-6.109103679656982,0.055529993027448654,0.06231619045138359,6.247779369354248
785,-6.206231117248535,-6.1444830894470215,0.053487371653318405,0.06175130233168602,6.301501750946045
786,-6.242198944091797,-6.176033973693848,0.04798911511898041,0.06616344302892685,6.338193893432617
787,-6.3768181800842285,-6.3041276931762695,0.04166826978325844,0.07268562912940979,6.479004859924316
788,-6.509696960449219,-6.442265510559082,0.046231526881456375,0.06743039935827255,6.61492919921875
789,-6.698739051818848,-6.63368034362793,0.0502445250749588,0.06505709886550903,6.7878594398498535
790,-6.872859954833984,-6.805582046508789,0.048463087528944016,0.06727807968854904,6.969940185546875
791,-7.045604705810547,-6.98050594329834,0.05251032114028931,0.06510162353515625,7.156625747680664
792,-6.969790458679199,-6.89992094039917,0.04212036356329918,0.06986841559410095,7.072835445404053
793,-7.128825664520264,-7.056206226348877,0.04018016159534454,0.07262222468852997,7.216655731201172
794,-6.985286235809326,-6.917468070983887,0.05180087313055992,0.06781837344169617,7.070947170257568
795,-7.050796031951904,-6.9791035652160645,0.04039324074983597,0.07169792801141739,7.133187770843506
796,-7.079296588897705,-7.014473915100098,0.05023540183901787,0.06482207030057907,7.169571876525879
797,-6.943256378173828,-6.87750244140625,0.04874946177005768,0.0657549723982811,7.041697978973389
798,-6.872567653656006,-6.808084487915039,0.05157642439007759,0.06447930634021759,6.973394393920898
799,-6.854431629180908,-6.794450283050537,0.052893929183483124,0.059987958520650864,6.955070495605469
800,-6.509126663208008,-6.449115753173828,0.05575716495513916,0.06000947579741478,6.586983680725098
801,-5.998640060424805,-5.937729835510254,0.05347580835223198,0.060914281755685806,6.089628219604492
802,-5.722039222717285,-5.660361289978027,0.056237105280160904,0.06167416647076607,5.793954849243164
803,-5.488901138305664,-5.426383972167969,0.04690473526716232,0.06251226365566254,5.585153102874756
804,-5.2220563888549805,-5.158968925476074,0.05278630927205086,0.0630827471613884,5.3139262199401855
805,-4.976826190948486,-4.9117560386657715,0.04694575071334839,0.06506671756505966,5.059808731079102
806,-4.952635288238525,-4.887881278991699,0.04857748746871948,0.06475730240345001,5.058049201965332
807,-5.369710445404053,-5.3101277351379395,0.05231842026114464,0.05958897992968559,5.457709312438965
808,-5.548324108123779,-5.487039566040039,0.05413549393415451,0.06128263846039772,5.665228366851807
809,-5.8134074211120605,-5.75126838684082,0.05349148064851761,0.062139466404914856,5.911305904388428
810,-5.690276622772217,-5.627206802368164,0.05203578621149063,0.06306688487529755,5.801512241363525
811,-5.364082336425781,-5.302960395812988,0.05492119863629341,0.06111877039074898,5.461491107940674
812,-5.535508632659912,-5.473545551300049,0.05404859781265259,0.06195417791604996,5.6260528564453125
813,-5.558152198791504,-5.490663528442383,0.048180438578128815,0.06749292463064194,5.662444114685059
814,-6.0115814208984375,-5.948592185974121,0.053677815943956375,0.06299115717411041,6.108270168304443
815,-6.0099382400512695,-5.9459404945373535,0.05200553685426712,0.06399571895599365,6.10151481628418
816,-5.912344932556152,-5.8489789962768555,0.05068221315741539,0.06336212158203125,5.994045734405518
817,-5.842333793640137,-5.769425868988037,0.04108516499400139,0.07290726155042648,5.920869827270508
818,-5.7656049728393555,-5.701167106628418,0.049137648195028305,0.06443904340267181,5.8381266593933105
819,-5.738885402679443,-5.676296234130859,0.054041482508182526,0.06258376687765121,5.830735206604004
820,-5.73056697845459,-5.667995929718018,0.05177313834428787,0.06256655603647232,5.8233513832092285
821,-5.790912628173828,-5.730540752410889,0.05081748962402344,0.060373131185770035,5.905882835388184
822,-5.797194480895996,-5.7323808670043945,0.04482079669833183,0.06481382250785828,5.89833927154541
823,-5.908189296722412,-5.842794895172119,0.04628293216228485,0.06539162993431091,6.0082597732543945
824,-5.966934680938721,-5.903842926025391,0.05283413454890251,0.06309051811695099,6.059072971343994
825,-5.972752094268799,-5.910179138183594,0.050165243446826935,0.06257300078868866,6.059265613555908
826,-6.3207526206970215,-6.25931978225708,0.053793661296367645,0.06144113466143608,6.406074047088623
827,-6.264240264892578,-6.197078227996826,0.04898565262556076,0.06716042757034302,6.381690979003906
828,-6.512948513031006,-6.454823017120361,0.057624779641628265,0.058126550167798996,6.603507041931152
829,-6.555220127105713,-6.494199752807617,0.0593632310628891,0.061012085527181625,6.652616500854492
830,-6.2320404052734375,-6.169820308685303,0.052253372967243195,0.0622110590338707,6.324796676635742
831,-6.351212024688721,-6.278860092163086,0.03422601893544197,0.07235235720872879,6.460735321044922
832,-6.432342529296875,-6.365523338317871,0.04786819592118263,0.06681439280509949,6.519156455993652
833,-6.673961639404297,-6.605637073516846,0.044644251465797424,0.06832844763994217,6.769562721252441
834,-6.751259803771973,-6.687758445739746,0.04666639119386673,0.06350230425596237,6.849989891052246
835,-6.5985541343688965,-6.535303115844727,0.049692582339048386,0.06325523555278778,6.672018051147461
836,-6.852014064788818,-6.789554119110107,0.057499367743730545,0.06247088685631752,6.946784019470215
837,-6.954368591308594,-6.892027378082275,0.054448433220386505,0.06235937401652336,7.064669609069824
838,-7.1327972412109375,-7.072483062744141,0.05438985675573349,0.060316119343042374,7.21680212020874
839,-7.130918502807617,-7.067833423614502,0.053282540291547775,0.06309027224779129,7.211836814880371
840,-6.987935543060303,-6.9245452880859375,0.0485159195959568,0.06339478492736816,7.076798439025879
841,-6.591292381286621,-6.531533718109131,0.05410362780094147,0.05975989252328873,6.676865577697754
842,-6.224238872528076,-6.162128925323486,0.05137035995721817,0.06210968643426895,6.304070949554443
843,-5.9623236656188965,-5.897801876068115,0.048603933304548264,0.06451939791440964,6.036553859710693
844,-5.834805488586426,-5.774471282958984,0.05337364226579666,0.06033392623066902,5.930840969085693
845,-5.783339023590088,-5.724414825439453,0.05233554542064667,0.05892883241176605,5.8734588623046875
846,-5.9099249839782715,-5.845580577850342,0.04512502998113632,0.06433864682912827,6.00028133392334
847,-5.817120552062988,-5.757716178894043,0.050012171268463135,0.059416335076093674,5.90530252456665
848,-5.8357439041137695,-5.776284217834473,0.05768955871462822,0.059462253004312515,5.923320293426514
849,-6.218433856964111,-6.155905723571777,0.045829277485609055,0.0625285804271698,6.320230960845947
850,-6.2258501052856445,-6.161068439483643,0.04892978444695473,0.06479336321353912,6.338220119476318
851,-6.087866306304932,-6.028857231140137,0.05368567258119583,0.059011660516262054,6.165762424468994
852,-5.770270824432373,-5.716253280639648,0.059241291135549545,0.0540124773979187,5.853849411010742
853,-5.436660289764404,-5.377025127410889,0.05404502898454666,0.059640929102897644,5.524960041046143
854,-4.881481170654297,-4.81632661819458,0.046202100813388824,0.0651569589972496,4.982029914855957
855,-4.756690979003906,-4.695396423339844,0.050807610154151917,0.061291296035051346,4.840044021606445
856,-4.874170780181885,-4.808973789215088,0.046626124531030655,0.06519374251365662,4.95585823059082
857,-5.0924153327941895,-5.032127380371094,0.05145728960633278,0.06028810143470764,5.16917610168457
858,-4.861265182495117,-4.799737453460693,0.0466093048453331,0.061530210077762604,4.977056980133057
859,-5.002525329589844,-4.935770034790039,0.043229296803474426,0.06676040589809418,5.089183807373047
860,-4.828090667724609,-4.761034965515137,0.043358687311410904,0.06705847382545471,4.913450241088867
861,-4.594090938568115,-4.528493881225586,0.04556051641702652,0.06559640169143677,4.687021255493164
862,-4.5955071449279785,-4.532294273376465,0.05084345489740372,0.06321171671152115,4.701982498168945
863,-5.124966621398926,-5.062410354614258,0.052179545164108276,0.0625571608543396,5.212313175201416
864,-5.4172163009643555,-5.35498046875,0.05090983957052231,0.062237855046987534,5.480486869812012
865,-5.356791019439697,-5.294224739074707,0.04697851091623306,0.06256750226020813,5.448098182678223
866,-5.549046993255615,-5.487114429473877,0.04941864311695099,0.06193125993013382,5.638192176818848
867,-5.198602676391602,-5.133600234985352,0.04371277987957001,0.06500068306922913,5.292733192443848
868,-5.390750408172607,-5.326308250427246,0.04217987880110741,0.06444068998098373,5.4929351806640625
869,-5.540498733520508,-5.476250171661377,0.045387838035821915,0.06424867361783981,5.6188178062438965
870,-5.426804542541504,-5.368056774139404,0.048016391694545746,0.058752451092004776,5.516972541809082
871,-5.162015914916992,-5.099332332611084,0.044214777648448944,0.06268009543418884,5.255562782287598
872,-4.807558059692383,-4.746136665344238,0.04907534644007683,0.06141607463359833,4.904162883758545
873,-4.912287712097168,-4.844751358032227,0.039214763790369034,0.06753306090831757,4.992124080657959
874,-4.451294898986816,-4.385432243347168,0.041774798184633255,0.06586684286594391,4.530426979064941
875,-4.280844688415527,-4.218569755554199,0.04193335771560669,0.062273651361465454,4.385556697845459
876,-4.604081153869629,-4.536407470703125,0.04621892422437668,0.0676690936088562,4.6845269203186035
877,-4.7332987785339355,-4.67193603515625,0.04708823934197426,0.061365921050310135,4.821818828582764
878,-4.864368915557861,-4.802169322967529,0.044502969831228256,0.062198471277952194,4.958485126495361
879,-4.9900970458984375,-4.923995494842529,0.04154740273952484,0.06610293686389923,5.068376541137695
880,-4.875657081604004,-4.815323829650879,0.050705671310424805,0.060336094349622726,4.957422733306885
881,-5.336050510406494,-5.271490573883057,0.041331324726343155,0.06456012278795242,5.4304304122924805
882,-5.095187664031982,-5.035787582397461,0.05038544163107872,0.05940253287553787,5.175271511077881
883,-5.382061004638672,-5.319637775421143,0.044123779982328415,0.06241612508893013,5.4757866859436035
884,-5.645755290985107,-5.585041522979736,0.05201984569430351,0.06071482226252556,5.73689079284668
885,-5.977177143096924,-5.912951946258545,0.04727631062269211,0.06422198563814163,6.053310394287109
886,-5.78311014175415,-5.719676494598389,0.04458454251289368,0.06344079971313477,5.878486156463623
887,-6.125960826873779,-6.0624799728393555,0.04286440089344978,0.0634833350777626,6.1905388832092285
888,-6.336551189422607,-6.27307653427124,0.04538551717996597,0.06346996873617172,6.441802978515625
889,-6.949479579925537,-6.892463684082031,0.05169358104467392,0.057019732892513275,7.027968406677246
890,-7.428671360015869,-7.363683700561523,0.04275236651301384,0.06498198211193085,7.5159196853637695
891,-7.647803783416748,-7.580990791320801,0.04278215020895004,0.06682184338569641,7.718162536621094
892,-7.873752593994141,-7.80982780456543,0.04350860044360161,0.06392007321119308,7.961192607879639
893,-8.099464416503906,-8.034908294677734,0.04566200077533722,0.06455724686384201,8.176586151123047
894,-8.222664833068848,-8.159820556640625,0.050844863057136536,0.06284056603908539,8.29379940032959
895,-7.9587225914001465,-7.894059181213379,0.03766784444451332,0.06465382128953934,8.05370044708252
896,-8.041918754577637,-7.9809160232543945,0.04041283205151558,0.06099904328584671,8.121854782104492
897,-8.045729637145996,-7.98425817489624,0.042125802487134933,0.06147509068250656,8.117400169372559
898,-7.715132236480713,-7.654979705810547,0.047999460250139236,0.060157567262649536,7.781930446624756
899,-7.2287068367004395,-7.166989326477051,0.04529539495706558,0.06171434000134468,7.313743591308594
900,-7.088493347167969,-7.028687000274658,0.04580894857645035,0.059810247272253036,7.1809234619140625
901,-7.094505310058594,-7.03406286239624,0.048675525933504105,0.06043818220496178,7.168196678161621
902,-7.169989585876465,-7.109278678894043,0.04319385066628456,0.06070834770798683,7.252404689788818
903,-7.206042766571045,-7.144527912139893,0.04169853776693344,0.061515290290117264,7.281193733215332
904,-7.406205654144287,-7.343715190887451,0.04021203890442848,0.06248169764876366,7.500458717346191
905,-7.513295650482178,-7.448069095611572,0.03906681388616562,0.0652296170592308,7.6100969314575195
906,-7.590435981750488,-7.530104637145996,0.04861670732498169,0.060334112495183945,7.683516025543213
907,-7.945273399353027,-7.884824752807617,0.04575029015541077,0.060440946370363235,8.026815414428711
908,-7.96244478225708,-7.899411201477051,0.04099290817975998,0.06304127722978592,8.045080184936523
909,-7.82528829574585,-7.764564514160156,0.04587234929203987,0.060715388506650925,7.916862487792969
910,-7.741692543029785,-7.682415962219238,0.04680012911558151,0.059270426630973816,7.814815521240234
911,-7.575115203857422,-7.515647888183594,0.045775607228279114,0.05946851521730423,7.6600189208984375
912,-7.721889019012451,-7.663165092468262,0.046461381018161774,0.05872505158185959,7.790537357330322
913,-7.720510482788086,-7.659853935241699,0.0423305444419384,0.060657281428575516,7.7935991287231445
914,-7.2659406661987305,-7.202578544616699,0.03956076130270958,0.06336349248886108,7.3632636070251465
915,-7.148024559020996,-7.08923864364624,0.04530607536435127,0.05877893045544624,7.239243507385254
916,-6.901796817779541,-6.846017360687256,0.05051872879266739,0.05577676743268967,6.987428665161133
917,-7.0467143058776855,-6.989497184753418,0.05062633380293846,0.05721819028258324,7.120866775512695
918,-6.866519451141357,-6.80220365524292,0.041667837649583817,0.064313143491745,6.958489894866943
919,-6.695148944854736,-6.631575584411621,0.04451029375195503,0.06356807053089142,6.784005165100098
920,-6.486492156982422,-6.432255268096924,0.05314652994275093,0.05423590540885925,6.567599773406982
921,-6.353128910064697,-6.29374361038208,0.04612746089696884,0.05938649922609329,6.423165321350098
922,-5.948304653167725,-5.885740756988525,0.04533990100026131,0.06256823986768723,6.052816867828369
923,-6.170269966125488,-6.109737396240234,0.047160785645246506,0.06052595376968384,6.248351097106934
924,-6.6725592613220215,-6.615893363952637,0.05033373460173607,0.056668009608983994,6.755754470825195
925,-6.5962748527526855,-6.541512966156006,0.05255018174648285,0.05476401373744011,6.669589519500732
926,-6.9095540046691895,-6.852658271789551,0.04627108573913574,0.056892089545726776,6.974474906921387
927,-6.55957555770874,-6.501617908477783,0.04867466539144516,0.05795774236321449,6.644109725952148
928,-6.572906017303467,-6.5126729011535645,0.046152181923389435,0.06023065000772476,6.654118537902832
929,-6.424255847930908,-6.363846778869629,0.044960856437683105,0.06041354313492775,6.511726379394531
930,-6.013967990875244,-5.957413196563721,0.049259744584560394,0.056560661643743515,6.099655628204346
931,-5.730639934539795,-5.669949054718018,0.049165528267621994,0.06069960445165634,5.835887908935547
932,-5.959175109863281,-5.896069526672363,0.04381147027015686,0.06310075521469116,6.038559436798096
933,-5.830280303955078,-5.771518230438232,0.04441680386662483,0.05876002088189125,5.922671794891357
934,-5.460427761077881,-5.404566764831543,0.05062440037727356,0.05586772784590721,5.554434299468994
935,-5.644896507263184,-5.5819268226623535,0.040495336055755615,0.06297304481267929,5.743495941162109
936,-5.96766996383667,-5.911106109619141,0.04670112580060959,0.05656792223453522,6.061687469482422
937,-6.214204788208008,-6.155277729034424,0.04330585151910782,0.058922722935676575,6.296005725860596
938,-6.456641674041748,-6.393884181976318,0.04113779589533806,0.06275935471057892,6.538156032562256
939,-6.77161979675293,-6.710417747497559,0.03717167675495148,0.06119212135672569,6.8423285484313965
940,-6.766204833984375,-6.7089457511901855,0.04613148793578148,0.05725477635860443,6.857656478881836
941,-7.3799333572387695,-7.32084321975708,0.04942873492836952,0.059093937277793884,7.473388671875
942,-7.500142574310303,-7.441105365753174,0.048444777727127075,0.05903254821896553,7.575917720794678
943,-7.561645030975342,-7.503887176513672,0.051006704568862915,0.05775899067521095,7.654906272888184
944,-7.540782928466797,-7.481261730194092,0.047019168734550476,0.05953218415379524,7.618387222290039
945,-7.435965538024902,-7.375339031219482,0.04403847083449364,0.060617756098508835,7.5074076652526855
946,-7.328707695007324,-7.268614292144775,0.04483772814273834,0.06008945032954216,7.404568195343018
947,-7.5539422035217285,-7.493090629577637,0.04485716298222542,0.060848820954561234,7.6338958740234375
948,-8.092546463012695,-8.0359468460083,0.0512368306517601,0.05659668892621994,8.165486335754395
949,-8.115424156188965,-8.057106971740723,0.04315576329827309,0.058319952338933945,8.193426132202148
